sample_id,gender,month,height,weight,head_circ
1,male,0,51.89823241,2.303693927,34.23700722
2,male,0,51.08352038,4.01561256,34.16982786
3,male,0,50.72387874,3.781470555,32.52747419
4,male,0,50.63356043,3.084781577,35.3139195
5,male,0,52.35351428,3.286175661,32.71366861
6,male,0,47.99570624,3.64187887,34.91454961
7,male,0,47.80015281,3.762350567,32.64414301
8,male,0,51.02469741,2.100169671,35.64769635
9,male,0,49.67258964,4.321199887,35.4868545
10,male,0,50.0406099,2.314473162,36.74694981
11,male,0,51.30842702,1.843185117,33.07700534
12,male,0,51.33126059,3.96796757,35.64587976
13,male,0,49.40092604,2.241885422,34.24149017
14,male,0,49.30616665,3.143099806,34.75915007
15,male,0,50.03983736,2.357429773,34.0030028
16,male,0,51.9197338,2.043790983,34.99805552
17,male,0,50.70943892,2.990520203,33.16638621
18,male,0,52.62271427,3.752978417,33.41744267
19,male,0,49.88548995,3.521129566,35.48472834
20,male,0,52.03876845,2.850268329,31.03662105
21,male,0,51.57770439,3.288970067,34.17267232
22,male,0,51.06295858,3.230913397,33.96716339
23,male,0,50.68793134,3.283532858,35.39581333
24,male,0,49.36822345,2.987773193,35.01674559
25,male,0,49.69282873,3.552664932,32.87489058
26,male,0,50.33585144,2.542108242,36.27945643
27,male,0,49.99288889,3.564262177,35.76687389
28,male,0,51.69212649,3.062414607,36.22528218
29,male,0,49.69229747,3.065080986,33.33252022
30,male,0,49.76628385,3.794062866,36.78554123
31,male,0,48.97979373,3.000699725,35.9467464
32,male,0,49.63716098,2.610254824,35.88815712
33,male,0,49.76934528,2.457873161,33.04779218
34,male,0,45.50390203,3.76832292,34.41836492
35,male,0,47.30681978,1.666698836,34.72593434
36,male,0,49.76227487,3.008159099,32.85779044
37,male,0,49.39596083,3.427019471,34.25823545
38,male,0,47.61834828,2.337527714,35.4330015
39,male,0,46.11607747,3.304874071,34.87788389
40,male,0,49.22669848,3.769168013,34.78951773
41,male,0,51.14164195,2.022899989,36.23616712
42,male,0,53.2691534,2.678950229,33.59445066
43,male,0,49.82693209,4.533583711,35.45170845
44,male,0,52.7370512,2.841762905,35.78115509
45,male,0,50.0577421,2.623733878,32.93145519
46,male,0,50.119511,2.699597007,32.11117459
47,male,0,50.5171681,2.99597642,35.65268977
48,male,0,48.24590323,3.43014392,34.1991409
49,male,0,49.8017354,2.807432913,37.37424159
50,male,0,51.62605063,3.441203719,34.88236124
1,male,1,53.275521,4.991366923,36.46695796
2,male,1,54.08894847,4.735327059,34.42289835
3,male,1,52.51923557,5.024877991,35.52872307
4,male,1,55.37326917,3.939382365,34.84556016
5,male,1,55.50711959,4.414081025,39.91849284
6,male,1,55.93185997,4.965002014,34.96444366
7,male,1,52.38236094,4.538470518,37.24567171
8,male,1,54.90374657,4.648886524,38.10979309
9,male,1,52.90629039,4.535602476,36.11142593
10,male,1,54.69926917,4.628041795,36.67326017
11,male,1,57.25098545,4.48272895,35.20177666
12,male,1,53.74330195,3.730426301,36.49282719
13,male,1,56.06169831,4.621799532,36.06679318
14,male,1,53.27562969,4.181243294,35.59598655
15,male,1,53.7907964,5.505045203,37.2163725
16,male,1,55.53357133,4.129286881,35.50071276
17,male,1,53.40968669,4.606505977,34.64597039
18,male,1,51.46436681,3.118717073,37.48758828
19,male,1,57.10382003,4.038784868,36.74239749
20,male,1,55.38467875,3.920083146,34.55258206
21,male,1,53.59108506,5.36219248,35.65541255
22,male,1,50.9112503,4.394239834,37.52149532
23,male,1,58.31419857,4.601469392,35.30298524
24,male,1,61.14170456,4.710207838,37.42987375
25,male,1,55.09421277,4.128221965,36.10703048
26,male,1,56.31463263,4.710500599,34.79845155
27,male,1,57.02666459,5.554636828,37.06496043
28,male,1,53.36657158,4.931894897,33.51331566
29,male,1,54.03272716,5.000080041,35.72379218
30,male,1,51.41847003,3.915834022,36.39681896
31,male,1,53.30050136,4.625333277,36.80110629
32,male,1,55.88257859,4.705342506,36.80840442
33,male,1,54.14763962,4.041428859,36.63748983
34,male,1,54.29299809,4.582194384,38.16195231
35,male,1,54.48613685,5.881469663,38.55755698
36,male,1,51.15903273,3.817826738,38.69833391
37,male,1,56.29149688,4.887063356,34.92642456
38,male,1,51.95736351,3.748325209,35.53224644
39,male,1,54.30371669,4.746397738,34.98958179
40,male,1,53.86672942,3.770722657,35.99786519
41,male,1,54.28467175,4.913245806,36.8664087
42,male,1,57.47393529,3.612092071,36.72447416
43,male,1,53.59408616,4.514334365,36.22256911
44,male,1,53.21211457,5.438921381,36.31363829
45,male,1,51.81265741,4.344268139,35.99829951
46,male,1,53.16917364,4.425521684,35.46722047
47,male,1,52.48424906,5.482933218,35.61962352
48,male,1,55.47509777,5.925407587,35.50513845
49,male,1,53.06029193,6.238173579,35.89134671
50,male,1,55.27767987,4.224462273,34.82655081
1,male,2,58.12178777,4.861404387,39.47945104
2,male,2,55.67623186,6.05580804,40.34134039
3,male,2,56.89784521,5.904916811,36.42933877
4,male,2,60.08171366,6.499645764,39.50662512
5,male,2,60.11584456,5.705149357,38.13589297
6,male,2,62.21058922,5.712573552,38.03210545
7,male,2,58.39319741,6.659631044,38.07014836
8,male,2,55.55792905,5.713393539,38.54858438
9,male,2,56.94000765,6.077564589,38.12325639
10,male,2,59.17612816,5.939162281,36.96689976
11,male,2,62.01025904,5.568869656,38.16571992
12,male,2,58.60901733,5.225632186,39.04944755
13,male,2,60.56673497,5.36371651,37.71690855
14,male,2,59.85935448,4.236031122,36.53069521
15,male,2,56.18062592,6.494918512,36.01843678
16,male,2,58.07488596,4.48342242,38.74724676
17,male,2,60.87999692,5.186509662,37.92329443
18,male,2,60.06458261,5.340768268,37.28810826
19,male,2,59.28121267,6.44386985,38.27072404
20,male,2,59.30651707,5.640495493,37.1648084
21,male,2,57.46632993,6.260957703,37.90115769
22,male,2,55.8931679,5.394037705,38.3430513
23,male,2,60.861309,6.769957914,35.55332843
24,male,2,55.70158297,5.940898473,36.81881537
25,male,2,56.61609775,5.983105952,36.41403587
26,male,2,59.59503349,6.214271689,36.51522817
27,male,2,56.00183036,4.562437423,39.86300249
28,male,2,57.35144621,5.592633191,39.42032486
29,male,2,56.15268094,5.750096974,38.91720263
30,male,2,59.57926076,5.063289526,37.55505999
31,male,2,59.24799473,5.608519364,39.42143434
32,male,2,59.20158092,5.095061768,36.53462734
33,male,2,59.24068307,5.753823201,35.60483114
34,male,2,59.45876692,4.350620244,34.36754514
35,male,2,59.61477733,5.799086712,38.27277625
36,male,2,54.65954304,5.154608555,38.04376473
37,male,2,58.11724891,6.257537928,37.05189024
38,male,2,58.61368124,4.218822651,38.5869902
39,male,2,59.77688479,5.629759317,38.05084076
40,male,2,56.14377646,5.44536325,37.63692974
41,male,2,57.45075964,6.258366529,39.52906595
42,male,2,56.36007832,4.493992224,39.72793853
43,male,2,60.4087564,5.215888289,39.25091044
44,male,2,60.83023791,6.098303062,38.71590882
45,male,2,59.89658578,6.029011536,36.79824158
46,male,2,56.07743357,5.849433875,37.70200818
47,male,2,59.25870902,5.801999215,37.94671331
48,male,2,60.58585345,4.4320208,38.17950294
49,male,2,58.71908786,6.195743538,39.34149606
50,male,2,57.32439227,5.751043244,36.29663539
1,male,3,59.33637534,5.12970504,37.47325712
2,male,3,60.13592469,6.278584069,39.02794485
3,male,3,62.75821188,7.067637433,37.33491089
4,male,3,60.57984391,6.892651309,40.44004716
5,male,3,61.83246839,5.958100535,38.89822407
6,male,3,63.86039701,7.035314238,35.8686385
7,male,3,62.49883639,6.122125672,38.81382509
8,male,3,63.99287828,6.667371276,39.35369336
9,male,3,58.16699837,7.049972891,38.17449928
10,male,3,60.86671507,6.673403262,37.58102841
11,male,3,61.52362924,5.943108216,39.11563143
12,male,3,62.49931965,6.973987657,40.56866258
13,male,3,59.17850742,7.43420106,38.52464533
14,male,3,62.93175123,5.749562496,40.43237079
15,male,3,61.98404114,6.272463967,40.78144426
16,male,3,61.90123143,7.10256093,37.58312485
17,male,3,62.3661211,5.803605678,40.13873578
18,male,3,61.17891896,5.196436938,38.97042332
19,male,3,63.15853759,6.053710675,39.39491428
20,male,3,62.63163657,7.146542844,41.20623551
21,male,3,61.11460219,5.446706657,40.27659409
22,male,3,63.37671634,6.226187319,38.52105145
23,male,3,61.9558615,7.073351055,37.29900192
24,male,3,62.67062766,6.432849218,39.53573669
25,male,3,60.27106248,6.796843338,39.73308719
26,male,3,64.40282049,7.536786112,40.5562893
27,male,3,61.39242101,7.030539848,40.815278
28,male,3,63.01090126,6.813833456,39.35855062
29,male,3,61.2097786,6.743690486,39.3010636
30,male,3,60.86870318,5.589108377,39.62886873
31,male,3,62.89043267,6.987437825,40.40013552
32,male,3,58.38922838,6.779474635,39.30088606
33,male,3,62.30889568,6.682534514,38.63313688
34,male,3,62.14777611,6.440040241,37.83498192
35,male,3,56.2788742,5.510266482,39.11636708
36,male,3,62.09991692,6.507515626,39.0816676
37,male,3,57.28000628,7.278469267,39.10050247
38,male,3,62.65362832,5.971800928,38.62700443
39,male,3,60.53756391,5.139405527,38.39079702
40,male,3,60.07962003,7.686619509,40.21116723
41,male,3,61.38699202,6.005005444,38.92783557
42,male,3,64.00879889,7.19824962,40.97024488
43,male,3,60.19288615,6.836837429,38.16046682
44,male,3,62.46039626,7.56041527,36.88726327
45,male,3,62.04819995,6.370536591,38.90803291
46,male,3,59.1589146,6.18968883,40.19433277
47,male,3,58.09205817,7.612580585,38.91582391
48,male,3,57.61408703,7.909570876,37.20536597
49,male,3,62.447421,6.622963216,38.40079552
50,male,3,61.33399008,6.518892932,39.05315367
1,male,4,67.41608624,7.519644649,41.56516778
2,male,4,64.98998271,6.529224317,41.34796293
3,male,4,65.51442219,7.348478307,40.97333935
4,male,4,66.43532881,6.307271599,40.56565854
5,male,4,62.94863371,6.79176427,39.02367957
6,male,4,64.86918606,7.556418474,40.97338265
7,male,4,65.55070721,6.465932613,41.4620813
8,male,4,66.50176821,7.595602437,40.89064012
9,male,4,65.34903718,7.351525342,41.41185175
10,male,4,64.70017963,8.003619775,40.36492876
11,male,4,62.25037431,8.515964093,41.22226173
12,male,4,65.28616469,6.59723697,41.68428229
13,male,4,64.85050516,7.273447183,38.83805968
14,male,4,65.10507548,8.091064647,41.8229583
15,male,4,64.70492559,7.139331799,40.91784196
16,male,4,63.51650772,6.542330899,40.84644611
17,male,4,63.75395479,6.301700436,40.08825732
18,male,4,65.20599182,7.980311012,38.85398497
19,male,4,64.22609986,8.819644194,38.49989223
20,male,4,62.32279371,6.266889802,40.36323645
21,male,4,63.34869767,7.077376113,39.82679724
22,male,4,61.39366112,5.902351598,41.27803573
23,male,4,62.06263938,7.048769844,39.98041536
24,male,4,63.62523897,6.784974095,39.5546962
25,male,4,60.48354814,6.9915627,41.81364534
26,male,4,60.6917693,9.026398074,39.68158872
27,male,4,65.99487388,6.020923665,39.19064787
28,male,4,62.80442404,7.302479381,40.80587113
29,male,4,60.38178571,8.282860402,41.8038642
30,male,4,63.68555985,6.57228422,38.82775166
31,male,4,66.41003161,6.426460101,39.67213965
32,male,4,65.15828316,7.033816622,39.5855997
33,male,4,64.73862808,7.910385959,40.03935372
34,male,4,66.14911723,6.759812612,40.39741401
35,male,4,62.43414726,6.28194611,40.87608235
36,male,4,65.28640946,7.049383979,41.25647792
37,male,4,62.78453733,5.587526512,39.1244294
38,male,4,63.90145195,5.967181415,39.98324759
39,male,4,68.10748411,7.760523959,40.94512725
40,male,4,65.74192535,7.321170902,39.28662702
41,male,4,65.35921466,5.478202499,40.54758259
42,male,4,61.79417697,7.43233138,42.09302091
43,male,4,62.40615175,5.386643253,38.38898718
44,male,4,68.23982131,6.687121902,40.869051
45,male,4,61.82272855,7.209643474,39.91332785
46,male,4,64.30751081,6.000067789,38.79857995
47,male,4,65.59588501,7.887248239,40.31597547
48,male,4,65.83564015,7.850154053,39.94063916
49,male,4,65.96931282,6.527600848,38.77148421
50,male,4,63.59005492,7.784715337,40.02385094
1,male,5,64.34012528,7.637584844,41.5013374
2,male,5,65.31621126,7.955079232,40.56296661
3,male,5,64.18601378,7.969702932,42.95699226
4,male,5,67.09143061,6.601089564,42.67537612
5,male,5,68.02867455,6.081723292,39.89848504
6,male,5,69.94170575,9.043728245,42.45409299
7,male,5,66.59561733,7.661972951,42.31376217
8,male,5,64.23791538,7.762949582,40.02311156
9,male,5,67.84650224,6.664922037,42.68266822
10,male,5,67.6190419,8.292784889,42.79890948
11,male,5,65.44732748,8.787633756,41.55141973
12,male,5,62.94007568,8.569509073,41.87054923
13,male,5,67.3464888,6.083461084,39.58486188
14,male,5,68.04537435,6.771644401,43.03694177
15,male,5,65.33929512,7.568454121,40.08760417
16,male,5,66.91886135,7.98778856,40.36732966
17,male,5,65.3758081,7.119278038,41.41388493
18,male,5,67.19639897,6.899015489,40.92377018
19,male,5,65.67714764,7.660850155,42.8197009
20,male,5,65.24511586,6.840149794,39.91815995
21,male,5,66.11207895,8.930453011,40.15469161
22,male,5,65.3615299,6.22215322,41.11591823
23,male,5,64.77706739,7.856154545,41.47630449
24,male,5,65.29971983,6.102570955,44.31468089
25,male,5,65.88451091,7.153973958,39.23996798
26,male,5,66.29424077,8.539036099,42.14009843
27,male,5,68.81160488,8.285238002,41.86749513
28,male,5,63.31980412,6.520097546,42.12328064
29,male,5,65.5207238,6.466731375,39.27714461
30,male,5,67.09989394,7.540674088,41.23667185
31,male,5,69.24783972,6.832916353,40.20505165
32,male,5,66.70942729,7.78403908,38.69622412
33,male,5,65.87386851,6.811243061,39.71734146
34,male,5,65.31564187,6.372913889,39.54722068
35,male,5,66.68718551,7.198881862,42.76525776
36,male,5,67.77921005,6.643052557,39.95071578
37,male,5,65.55066921,8.260649377,41.87757097
38,male,5,66.21114667,7.265636094,41.52711021
39,male,5,66.31217905,7.473511507,39.84634038
40,male,5,67.2856275,8.466413931,41.44580637
41,male,5,68.01162277,8.80047487,41.46764817
42,male,5,66.43040555,7.462934848,39.4169647
43,male,5,65.75527572,7.733335341,41.67014479
44,male,5,68.54985995,8.416368377,40.79347259
45,male,5,66.21261482,7.377876429,40.51268407
46,male,5,68.89791876,6.769461894,39.73761417
47,male,5,65.78234695,8.195940256,40.59112675
48,male,5,67.06645363,6.432755822,39.49817813
49,male,5,62.96243167,7.32832281,40.77121263
50,male,5,65.68645527,7.218491446,40.64069596
1,male,6,67.55859037,7.534078965,41.10565206
2,male,6,66.15914371,5.972473872,42.73644073
3,male,6,65.63180352,7.48916983,40.65707066
4,male,6,69.40150267,8.786419052,41.24121024
5,male,6,69.33690159,7.571790541,42.43661757
6,male,6,65.13240921,7.46666977,42.98517
7,male,6,68.40631971,7.433702362,41.27491349
8,male,6,65.48616389,7.287682494,41.47830441
9,male,6,65.60296087,8.002215193,42.7189613
10,male,6,68.59828365,8.314946496,41.78380267
11,male,6,66.2965544,8.914094025,41.79819235
12,male,6,69.48761197,6.803736098,41.08795405
13,male,6,67.67319484,8.176747331,41.5197831
14,male,6,68.61868305,7.792736228,41.40868886
15,male,6,66.60510927,8.099700213,42.09121456
16,male,6,65.41267946,7.177797912,41.2256145
17,male,6,69.33802926,7.931857992,41.03137339
18,male,6,68.05233583,7.092470349,41.31002439
19,male,6,67.14577126,8.361792293,40.84893612
20,male,6,67.73154712,7.237667128,43.25772738
21,male,6,70.11922585,7.944483095,40.12823523
22,male,6,66.27348339,6.410937126,42.85512562
23,male,6,66.17612396,8.128876803,41.38746505
24,male,6,66.4227314,8.675406028,38.97533153
25,male,6,64.58851659,8.436314014,40.74614868
26,male,6,69.15729346,8.637571088,42.78717801
27,male,6,67.96550233,6.950840041,39.84849627
28,male,6,67.99362675,7.781489029,41.55901735
29,male,6,67.51764003,7.851209308,39.92643334
30,male,6,66.63069516,8.404136954,41.49725653
31,male,6,66.03550463,7.782552686,42.62846563
32,male,6,69.21852717,7.757704759,41.15371438
33,male,6,64.89024912,9.074689775,42.5483981
34,male,6,68.43656799,8.66365459,42.27474575
35,male,6,66.09403786,6.670488759,42.85133312
36,male,6,68.13638941,7.630772445,42.99922156
37,male,6,66.19268801,7.205489269,42.60049255
38,male,6,66.6056508,9.980109523,41.86857184
39,male,6,70.96179524,7.553965828,41.47474582
40,male,6,68.86973698,8.703627848,41.56516657
41,male,6,63.52469565,7.967389874,41.83597751
42,male,6,67.84018359,7.976181147,40.31942858
43,male,6,66.74155542,8.246665864,40.68684282
44,male,6,65.44041024,7.800149552,40.80236182
45,male,6,67.99859319,8.483055897,40.77098544
46,male,6,67.84693448,8.291876641,41.06216426
47,male,6,66.97583751,6.720432838,41.33339692
48,male,6,71.34813678,7.511071381,40.44624158
49,male,6,63.32748887,7.533652814,38.71881
50,male,6,69.19261684,7.545726972,43.82102786
1,male,7,68.65085579,9.04569942,41.02023192
2,male,7,70.44737548,9.340918924,43.22647341
3,male,7,68.33740437,7.654739335,41.25882279
4,male,7,68.07165733,8.679004826,42.59965878
5,male,7,65.95027863,7.481162452,41.83578303
6,male,7,68.80204799,7.910043736,42.72164977
7,male,7,73.90961702,8.508925881,39.78124515
8,male,7,71.0804342,8.167754048,42.28521266
9,male,7,72.3835871,7.823684858,41.82082872
10,male,7,70.9384341,7.419786021,43.66480151
11,male,7,71.37409915,8.081763424,41.60241455
12,male,7,70.91546519,8.336748632,41.5343272
13,male,7,70.10324562,8.693563669,39.79325649
14,male,7,68.09319533,7.686928224,42.19708096
15,male,7,68.187424,8.710729174,42.74268717
16,male,7,66.15840401,7.4853123,41.71848755
17,male,7,69.18894634,7.917721585,41.30002571
18,male,7,70.90877578,8.615264019,42.43239849
19,male,7,71.16065286,7.815239168,40.56438871
20,male,7,69.38075214,7.754282724,42.37766927
21,male,7,68.15950753,8.266867138,43.21486487
22,male,7,75.45198314,8.324804196,41.80271159
23,male,7,70.59970251,8.954137371,41.53405017
24,male,7,71.89909308,8.136629786,41.58102367
25,male,7,68.55840678,7.109448342,42.5831084
26,male,7,69.12788051,7.840913331,40.47246179
27,male,7,70.05235349,7.858670672,40.9891785
28,male,7,72.38539239,7.647370687,40.20813883
29,male,7,68.60819836,8.525332592,41.67969251
30,male,7,70.82186977,10.05123557,41.95463745
31,male,7,65.21985219,8.85591723,42.10331276
32,male,7,68.23621658,8.191612308,41.79850346
33,male,7,66.74518275,8.652567029,39.80487493
34,male,7,71.31538916,9.309937769,40.46754752
35,male,7,68.88753913,8.083512976,41.6448962
36,male,7,68.45828924,8.765136329,42.33096726
37,male,7,71.80128971,8.693329382,42.22555769
38,male,7,71.32091843,8.214155622,40.74154221
39,male,7,67.49375971,8.339582205,43.226013
40,male,7,70.01294633,8.756323702,42.05443572
41,male,7,66.86595532,8.28163295,41.58092453
42,male,7,68.29633145,8.062343703,42.32239623
43,male,7,72.27149751,7.884207014,43.02334745
44,male,7,71.95524311,8.503673453,42.72246596
45,male,7,71.30713564,8.261484602,41.52485357
46,male,7,68.11528262,8.039783206,40.58271717
47,male,7,65.62528021,8.423611929,43.03552077
48,male,7,66.96617345,7.758853155,40.74582567
49,male,7,71.0098574,7.738306274,41.17626258
50,male,7,68.64792102,9.261496293,43.37449274
1,male,8,66.49104452,7.983050756,41.86740675
2,male,8,70.25764377,8.821051642,42.19305855
3,male,8,73.27945452,7.922129395,43.0676906
4,male,8,71.82259042,8.438573247,44.10220378
5,male,8,69.03960877,8.873253597,41.31902711
6,male,8,67.66275836,7.893324251,43.39181975
7,male,8,69.02956027,9.01652707,42.46562593
8,male,8,70.66560258,8.75324066,44.20530643
9,male,8,72.28734003,8.378375597,43.6527187
10,male,8,66.91411371,8.77182658,42.44430607
11,male,8,72.54408334,8.652531385,41.59431171
12,male,8,70.61036968,8.012244976,40.94205268
13,male,8,71.68258004,7.622055256,41.28806239
14,male,8,67.45881443,8.674292238,41.96929357
15,male,8,69.33335668,7.896695181,41.05092073
16,male,8,69.74835504,8.575346007,42.32786201
17,male,8,72.58339356,7.446346684,41.85710948
18,male,8,72.55353069,7.949677257,44.87367873
19,male,8,71.42667187,8.79047757,43.81969561
20,male,8,73.64800315,9.331725956,43.10993541
21,male,8,69.62071872,8.718494984,41.82980917
22,male,8,72.52382067,7.903895512,44.92022474
23,male,8,70.53171394,8.309263821,42.1655902
24,male,8,69.33205002,9.365545289,42.45576354
25,male,8,72.35442207,8.96307898,40.18372955
26,male,8,73.22409063,9.150928237,43.81347951
27,male,8,72.26867579,9.297690668,42.43427383
28,male,8,69.63213343,8.864227584,41.28136844
29,male,8,69.7074035,9.376565998,42.4907256
30,male,8,73.21758411,7.918750231,43.79272747
31,male,8,71.27037017,8.809751679,42.59799281
32,male,8,72.17619056,8.362362375,42.86408032
33,male,8,69.95646623,8.741217227,43.77175218
34,male,8,72.99596638,9.52777858,41.39968683
35,male,8,69.06336522,8.952655437,42.20086151
36,male,8,71.78816789,8.159254314,43.3283709
37,male,8,69.04736757,8.354892121,40.82584238
38,male,8,65.92110747,7.934062961,43.93671316
39,male,8,68.04838073,8.537130024,41.20655818
40,male,8,70.85896088,8.250282171,42.82247087
41,male,8,72.27755322,9.154100886,42.71276486
42,male,8,67.27252604,8.255090677,41.78684448
43,male,8,68.22229351,9.097220298,42.75963353
44,male,8,73.95263739,9.104511094,42.26931277
45,male,8,69.77559124,8.295268849,43.57273341
46,male,8,71.56083025,9.59854422,40.88570652
47,male,8,69.59882289,8.618847014,44.05723021
48,male,8,70.03269252,8.143027105,42.19660536
49,male,8,70.76576399,8.652079546,41.60986279
50,male,8,70.6208275,7.906326237,41.22446091
1,male,9,71.6341356,9.355695296,44.19589877
2,male,9,71.10738668,8.273382408,41.05370919
3,male,9,66.20906431,9.805095055,43.06555821
4,male,9,75.55044545,7.44805539,42.18459638
5,male,9,75.401806,8.121277914,41.97778416
6,male,9,69.90794469,8.663157875,42.70710168
7,male,9,71.68059571,8.409511736,42.97053682
8,male,9,74.61302308,9.84286162,42.45716953
9,male,9,73.89675104,8.85770182,42.00279029
10,male,9,74.42554308,9.148363091,43.77485916
11,male,9,69.96368086,9.39515869,43.69334233
12,male,9,76.89680938,9.007014566,44.87858323
13,male,9,69.84642608,9.572707026,41.71350431
14,male,9,73.43244105,9.207801359,41.69025058
15,male,9,72.26842436,9.388749663,41.9217531
16,male,9,71.2329504,7.859794775,41.52316233
17,male,9,71.27910998,8.111574786,45.28095832
18,male,9,70.11634606,7.34151476,39.88854853
19,male,9,75.08305361,8.722708995,41.20583479
20,male,9,72.17007513,9.902229547,41.98879924
21,male,9,72.4925141,8.215118017,42.612439
22,male,9,72.39830238,9.120544256,42.72246599
23,male,9,71.28717557,9.208669315,44.11777378
24,male,9,69.84535963,9.06696848,44.43695123
25,male,9,72.48207999,8.70104417,41.65015072
26,male,9,68.02208505,8.46729917,43.17011575
27,male,9,69.30472281,8.454262428,40.87439519
28,male,9,69.95484628,8.912217273,43.9698247
29,male,9,69.95051016,9.809746888,41.8508554
30,male,9,72.20365875,8.34454476,43.43381282
31,male,9,75.03712634,8.814225929,41.70604336
32,male,9,69.12088413,8.96948771,42.92027146
33,male,9,72.82398444,9.453989443,42.8910905
34,male,9,73.70913503,8.738070318,41.61267763
35,male,9,70.11988882,9.346402115,43.35553525
36,male,9,71.89968114,7.852287034,46.83108996
37,male,9,73.56486071,9.402879759,42.92442876
38,male,9,71.51453271,8.967459705,42.40053672
39,male,9,71.58069974,8.133048308,42.28177581
40,male,9,72.5846809,7.268748955,42.46739823
41,male,9,71.88597482,8.644264356,43.10256809
42,male,9,70.94425951,9.368202512,41.8538975
43,male,9,71.73663146,9.123338707,44.72596529
44,male,9,75.57739561,8.645083527,43.62286122
45,male,9,73.65997049,8.935045749,44.00809517
46,male,9,70.26226556,9.009193421,44.56038912
47,male,9,69.63465652,8.373312632,41.5927846
48,male,9,71.31603374,8.938188555,41.77569323
49,male,9,74.52467193,8.978587983,43.29423367
50,male,9,72.55609032,8.394017978,42.32412717
1,male,10,71.96714005,9.338736895,43.91339269
2,male,10,74.97624568,9.41739222,43.21628703
3,male,10,73.04659626,9.568426521,44.1471281
4,male,10,71.17071085,9.697732565,41.3715141
5,male,10,74.17626566,9.487217429,44.1433028
6,male,10,76.19587134,9.410979249,41.08536114
7,male,10,74.12548977,9.133198932,43.27800116
8,male,10,73.66480071,9.514132214,43.86459985
9,male,10,72.05313806,8.311528471,42.34617211
10,male,10,74.37995721,9.657989135,45.10083988
11,male,10,71.26591598,8.825563438,43.56175293
12,male,10,70.15901685,10.83627018,41.36828968
13,male,10,73.21762974,8.782563359,45.17432942
14,male,10,73.23427234,7.17865912,43.67270979
15,male,10,77.79360551,10.16045971,42.96860116
16,male,10,70.98894012,8.780943333,44.16999965
17,male,10,73.62472201,9.615065643,41.79974149
18,male,10,74.82960088,9.358019449,43.30200475
19,male,10,75.2961264,9.967418443,43.63975897
20,male,10,73.27962348,8.567713783,39.79444478
21,male,10,71.88781333,8.367656886,42.80789346
22,male,10,73.1750103,9.9454783,42.4712566
23,male,10,76.98553638,8.529002773,43.72663272
24,male,10,74.21720412,8.126414117,44.63583203
25,male,10,69.41549356,9.744578647,43.47718734
26,male,10,76.00457234,9.154319207,42.3374002
27,male,10,74.32695506,10.79474296,43.20785386
28,male,10,73.23621363,9.440526736,42.08772612
29,male,10,73.26605912,8.952835082,42.08979669
30,male,10,73.01539953,8.760970815,40.29591219
31,male,10,73.78746301,10.37922607,42.98683947
32,male,10,72.34265283,8.349550481,44.00535408
33,male,10,73.82632138,9.631873432,43.6257347
34,male,10,71.53042355,9.593176011,42.04170221
35,male,10,73.68027906,8.799035848,42.73786315
36,male,10,75.4029911,10.27500252,44.6568307
37,male,10,74.26749162,8.676641175,44.18720436
38,male,10,75.26412439,9.1863697,43.94739758
39,male,10,71.22734935,9.471339883,42.91460305
40,male,10,73.40410629,10.82618818,43.23675814
41,male,10,74.47277558,9.630606567,41.96290234
42,male,10,71.27079075,10.41208362,43.346704
43,male,10,76.27504724,8.690006164,43.78549041
44,male,10,71.33386478,7.978191785,43.36577343
45,male,10,73.61258555,9.82254975,43.55758025
46,male,10,73.58848143,8.0600717,40.41442138
47,male,10,73.53117357,8.260452745,43.64374841
48,male,10,72.90019329,9.627539142,42.90727699
49,male,10,74.1548799,9.160956361,41.78617464
50,male,10,71.34078747,9.792913497,42.93827697
1,male,11,72.05020804,10.40322232,43.82794066
2,male,11,73.25631959,10.03892142,42.45347678
3,male,11,74.3910842,9.667630987,43.62558904
4,male,11,76.88782086,9.78641303,42.18539899
5,male,11,77.51616287,9.501378656,42.30198964
6,male,11,75.10701478,10.5958746,45.77697532
7,male,11,75.22502408,9.436672568,44.52886657
8,male,11,74.03707472,9.965000682,41.70481003
9,male,11,74.59130086,8.741918604,43.31482131
10,male,11,71.83136286,9.427469566,43.75738753
11,male,11,75.05087408,8.00166087,43.23104025
12,male,11,73.48244819,9.497110721,44.91425073
13,male,11,75.13588967,8.358206264,46.31054987
14,male,11,73.84263546,9.306987931,42.90518127
15,male,11,73.2429301,9.231918188,44.61367974
16,male,11,74.08368838,10.08041349,44.94194991
17,male,11,73.80288067,8.950437984,44.08738249
18,male,11,76.57969859,8.93507509,44.16441879
19,male,11,74.89749536,8.018890402,45.07141655
20,male,11,75.32173371,9.834267191,43.74512049
21,male,11,72.14237819,10.16207013,41.2260828
22,male,11,77.34396125,9.241745933,44.13669829
23,male,11,74.80280384,10.43616656,42.05468113
24,male,11,72.87306533,9.113170761,42.8653939
25,male,11,75.08718863,8.698374571,43.31257807
26,male,11,76.15382466,9.560401779,41.05346548
27,male,11,71.87101344,9.880399178,43.37968595
28,male,11,77.71120324,8.354535739,44.66452837
29,male,11,74.19974166,8.255056619,42.85263125
30,male,11,76.63022448,9.432493917,41.81621029
31,male,11,74.63729651,9.736304701,43.23768188
32,male,11,73.8683966,7.758859538,42.91184164
33,male,11,71.01365191,8.20566875,43.97304835
34,male,11,72.40967278,9.615438958,42.85412715
35,male,11,74.42145343,10.02211412,42.75848399
36,male,11,76.07291984,9.133345087,44.02922915
37,male,11,70.92481056,10.24029566,44.19501407
38,male,11,77.11333811,8.970349508,44.97400601
39,male,11,77.15808188,9.283312931,44.87847039
40,male,11,72.32769911,10.34481992,42.81331195
41,male,11,75.39737107,9.342909846,44.68671508
42,male,11,72.53608549,9.418111171,42.01031384
43,male,11,74.26212004,8.770090505,43.79205209
44,male,11,76.2644592,9.446907423,41.21528563
45,male,11,76.14984533,8.949014091,44.08564519
46,male,11,72.88656825,8.140392338,42.31188559
47,male,11,73.76539074,8.72065569,43.51142228
48,male,11,72.64528922,9.232945637,43.92883967
49,male,11,75.14513295,9.514542222,41.80015593
50,male,11,71.53775719,10.14762513,44.67736626
1,male,12,70.70428166,9.626973959,45.21578486
2,male,12,78.49264334,9.510815293,44.23283353
3,male,12,80.01959853,10.37429337,42.41778941
4,male,12,74.83543627,11.29053948,42.1183878
5,male,12,77.14609473,9.540193575,42.09576822
6,male,12,75.68574471,10.42458991,43.364413
7,male,12,78.50119622,9.940328005,43.7719101
8,male,12,76.75287347,9.546767815,44.32374852
9,male,12,76.08696153,8.255380465,44.85485319
10,male,12,72.28164074,8.922713078,43.27782175
11,male,12,77.75761579,9.210279247,45.22130976
12,male,12,75.03337813,8.822854971,43.4562783
13,male,12,73.03336884,8.787125042,42.09909185
14,male,12,75.31658634,9.310952161,44.75618775
15,male,12,75.4591215,10.2663226,44.56837526
16,male,12,77.71249306,8.955873631,44.0415414
17,male,12,73.48194754,9.682722583,44.48943892
18,male,12,74.64047711,9.457905043,45.61612398
19,male,12,78.52742786,10.15516986,43.50386653
20,male,12,78.28146496,9.626905789,45.11200169
21,male,12,77.91010763,9.482285906,43.23897121
22,male,12,78.8568955,9.191067414,45.56177981
23,male,12,76.08765886,10.22432907,43.701283
24,male,12,74.59442099,10.39753315,43.62063479
25,male,12,76.75488772,9.613609738,44.64428608
26,male,12,77.71157394,11.89024793,44.62874143
27,male,12,80.28590322,9.597904751,45.6292779
28,male,12,71.96653357,11.64667677,44.4639795
29,male,12,76.21914784,9.506284335,45.1093918
30,male,12,76.94410971,8.500505056,44.72081416
31,male,12,75.59626255,8.602663394,43.32403082
32,male,12,72.74013773,8.98997104,45.42074625
33,male,12,77.10885169,10.63488559,42.73812579
34,male,12,74.21973709,10.79232631,45.12563773
35,male,12,76.66113685,9.878326015,42.8257996
36,male,12,77.42434824,9.815946705,45.07472636
37,male,12,78.13951832,9.224131295,43.7656045
38,male,12,72.74005878,9.126327083,43.94211433
39,male,12,77.75530951,9.097467828,46.21772635
40,male,12,74.26173542,8.990615004,42.98773943
41,male,12,73.250863,9.222054285,45.15694071
42,male,12,78.19720927,9.164117162,43.08501139
43,male,12,77.87789395,9.969976215,43.92992119
44,male,12,75.23909179,10.13957307,43.75196354
45,male,12,77.14312734,10.72222653,46.22968271
46,male,12,74.06538109,7.885965052,45.42663355
47,male,12,75.41304,9.946583777,43.99045228
48,male,12,75.52192586,9.377072065,44.06112907
49,male,12,75.1665939,9.413526578,43.99805786
50,male,12,77.0947876,8.450807123,42.24602159
1,male,13,79.82092232,9.776985362,42.17911494
2,male,13,76.03403498,9.256795026,43.97542441
3,male,13,76.83794894,10.0490316,43.95366636
4,male,13,80.00983896,9.021033571,43.32821751
5,male,13,76.27482026,12.21219438,43.12921907
6,male,13,71.95232748,9.252530793,44.13680676
7,male,13,77.87656919,9.602457682,46.3405384
8,male,13,75.21571078,8.939863666,43.77879152
9,male,13,75.00277703,9.572378902,45.55280201
10,male,13,79.59955195,11.29397822,43.90433307
11,male,13,81.55119621,9.529175542,44.57142089
12,male,13,74.92441317,10.2271427,46.80865404
13,male,13,78.85894785,9.142154157,44.55393
14,male,13,76.72111911,10.87685451,43.42192166
15,male,13,77.16943417,10.12784612,42.15216445
16,male,13,79.22224973,9.298356881,43.58429417
17,male,13,77.30598159,9.961307261,45.39744073
18,male,13,75.28240583,9.529195416,43.64151269
19,male,13,76.00622314,10.15609593,45.17842785
20,male,13,78.20365699,9.233422382,43.91151561
21,male,13,72.46170007,10.1242511,42.51705841
22,male,13,78.98096433,10.90822485,41.92468426
23,male,13,73.92241481,10.68393314,42.98771736
24,male,13,76.94166902,10.01349476,44.20889842
25,male,13,76.53831794,10.03357364,43.60388118
26,male,13,79.35683202,10.09505211,43.25528352
27,male,13,77.2588137,10.42886583,44.30756875
28,male,13,77.09368436,10.070149,42.88863467
29,male,13,78.22645804,10.22426308,45.36225133
30,male,13,75.32867234,10.24646807,43.48255057
31,male,13,76.52779217,9.959455691,43.99102198
32,male,13,79.13741039,10.3043146,43.11565445
33,male,13,78.19859988,9.84048755,44.85706961
34,male,13,74.47655626,10.50790047,44.64975022
35,male,13,78.1121171,9.500224039,43.66607636
36,male,13,74.28257971,9.93563966,41.83678242
37,male,13,75.76320947,9.822724878,44.39195039
38,male,13,79.20074873,9.048091812,44.7109937
39,male,13,72.62301417,10.63917819,44.78914723
40,male,13,73.51987304,8.986296751,45.45937627
41,male,13,79.37260808,10.71359045,43.21624308
42,male,13,75.35189371,9.052073467,43.31394224
43,male,13,79.26304334,9.112541574,42.66501918
44,male,13,76.58032462,10.40262194,45.22905721
45,male,13,77.71277379,9.742778551,43.64850269
46,male,13,78.44522989,8.508366412,43.24270865
47,male,13,75.66269745,10.85239427,44.14461492
48,male,13,76.32127725,8.058030798,43.9708291
49,male,13,76.11131538,9.315231785,43.43759695
50,male,13,82.25056012,8.73576246,46.55973388
1,male,14,78.23967943,9.602422749,43.51139015
2,male,14,78.8983208,10.06207679,45.76968006
3,male,14,77.35256827,9.766521457,45.12003665
4,male,14,77.54059778,9.594802095,46.57963711
5,male,14,80.61963387,9.885342901,44.53184673
6,male,14,77.35612103,10.18841579,44.41083368
7,male,14,78.03825898,9.400968293,43.66057397
8,male,14,78.71622811,8.547600641,42.9578316
9,male,14,77.17972488,9.351907895,44.03802835
10,male,14,81.7222219,8.666949546,43.68824549
11,male,14,75.28592674,10.44473711,43.78080805
12,male,14,81.82145666,11.30911087,44.84740294
13,male,14,77.33197541,9.198176643,43.863396
14,male,14,80.57852733,9.380195189,40.30345439
15,male,14,74.20156292,9.38712627,44.14920255
16,male,14,79.81655318,10.55187332,44.62588514
17,male,14,79.6652194,10.02194128,44.31519393
18,male,14,75.58468775,10.34226347,44.64121338
19,male,14,76.54018463,10.54002892,43.85958591
20,male,14,78.36769721,10.17348423,45.54284662
21,male,14,80.17328731,10.31348215,43.99327232
22,male,14,76.54460132,9.186204314,43.84950784
23,male,14,77.5741606,9.956748203,45.50969102
24,male,14,80.98555918,9.568727575,45.83134387
25,male,14,75.85804024,9.086619487,43.89731061
26,male,14,79.80080856,9.18171096,44.24803334
27,male,14,78.85265956,10.65632668,43.54780637
28,male,14,75.8989524,9.089617109,44.55584127
29,male,14,76.7310511,9.716970381,46.49219049
30,male,14,79.48822727,10.68779553,45.45148452
31,male,14,78.47302292,10.23048165,45.17476892
32,male,14,80.70768673,10.45664306,44.95994767
33,male,14,76.85661047,10.23196555,44.14607106
34,male,14,74.74247338,9.895787264,42.40082654
35,male,14,79.99087116,8.460197695,45.29883652
36,male,14,76.84361892,9.57381304,44.57386231
37,male,14,78.228647,9.035184421,43.77746019
38,male,14,81.26617945,9.735341,45.97353793
39,male,14,77.5242133,11.43787495,45.4147363
40,male,14,80.94415512,10.09675778,45.85195261
41,male,14,75.91543467,9.496597606,45.29691363
42,male,14,79.75847135,10.62208471,43.48544093
43,male,14,78.4689185,10.34396105,44.09405466
44,male,14,76.60013408,9.943754952,42.10746525
45,male,14,75.56798302,9.840658125,44.15855022
46,male,14,78.14562296,9.898160092,42.26645306
47,male,14,78.48481305,9.950005982,44.53467526
48,male,14,78.52714895,10.43367117,44.58522531
49,male,14,79.02002644,10.08935967,43.65805531
50,male,14,77.12507742,9.560836348,44.37210418
1,male,15,78.12795293,10.78406005,42.65835596
2,male,15,79.55018197,9.711117236,45.05501738
3,male,15,78.07098057,11.11646834,46.88270058
4,male,15,81.41653253,9.513875661,45.32224912
5,male,15,79.43085816,10.72358957,46.67881964
6,male,15,77.9309902,11.08045763,44.42375654
7,male,15,75.66690337,11.05552835,44.27255811
8,male,15,77.8770059,10.12148741,45.97698753
9,male,15,82.98743582,10.6845401,45.2064796
10,male,15,78.0345514,8.70365095,45.56124497
11,male,15,77.51160132,10.51096519,44.43768645
12,male,15,80.34060026,10.12349919,44.54284361
13,male,15,79.93845694,10.61987726,44.90012322
14,male,15,80.52809521,10.27613135,44.65226524
15,male,15,78.57184734,11.10635783,45.54973478
16,male,15,81.23304301,10.08054447,44.15846218
17,male,15,76.87204317,10.71361766,43.49577748
18,male,15,79.00713414,10.12583074,46.37550264
19,male,15,77.76213336,10.6590338,43.71457255
20,male,15,80.39344141,9.338113735,44.94601313
21,male,15,79.34701285,10.62459866,42.36702818
22,male,15,81.20844536,9.927286681,43.82755769
23,male,15,83.01115165,10.47637051,47.50565614
24,male,15,79.36724551,9.587277016,44.7097669
25,male,15,78.08422836,10.57914864,45.57972934
26,male,15,77.53531822,12.29406773,45.25177182
27,male,15,78.60023543,11.27836435,42.89635138
28,male,15,78.96775651,10.88626516,45.63123256
29,male,15,82.88442364,9.766689522,43.37396952
30,male,15,76.95469187,10.42740233,45.45546847
31,male,15,77.02288687,10.08916317,43.1532629
32,male,15,78.32486329,8.810409774,44.56212896
33,male,15,80.21636298,10.03188247,45.23631803
34,male,15,80.66011253,9.978423368,44.2086982
35,male,15,77.37492407,10.13725878,44.42632958
36,male,15,79.34137335,9.827595104,45.28754366
37,male,15,79.01850334,10.65628027,45.46426859
38,male,15,81.37089229,11.54300641,46.42146575
39,male,15,81.16946525,11.00896001,47.98966252
40,male,15,78.50666668,10.66212963,44.46471388
41,male,15,79.18738816,10.23854836,46.19535342
42,male,15,80.34017297,10.25301267,45.43119094
43,male,15,75.95836399,11.01026581,44.68393263
44,male,15,78.51048517,11.09715423,44.53659459
45,male,15,80.19225848,9.7856372,43.40407809
46,male,15,78.10585891,10.86486234,45.78924073
47,male,15,78.98615542,9.37182315,45.84444963
48,male,15,79.06008568,9.365138977,43.99765569
49,male,15,77.72505889,11.31704833,43.15849853
50,male,15,77.21048831,10.22585749,44.63634602
1,male,16,79.82025225,10.42364747,46.14047606
2,male,16,79.54064714,11.08531611,46.88881421
3,male,16,81.78478062,10.26234039,44.13216215
4,male,16,83.1067762,9.807334929,44.6557818
5,male,16,80.17734748,10.49685013,46.8558791
6,male,16,80.95747679,9.203956665,44.3164465
7,male,16,80.0662109,10.06927373,43.58766636
8,male,16,81.3425837,10.29028189,45.21855722
9,male,16,80.61514138,9.390206121,47.65327338
10,male,16,80.64953145,10.52933504,43.89740403
11,male,16,82.31453874,9.887086828,44.23229722
12,male,16,78.32389982,11.17985427,44.67533499
13,male,16,82.95094162,10.20327057,44.8708936
14,male,16,80.86331358,9.636299806,44.33338017
15,male,16,80.54356182,10.56745592,45.37403213
16,male,16,79.13554048,10.36274762,44.01269223
17,male,16,79.88863258,10.42822252,44.63841823
18,male,16,80.91000113,10.55081832,45.61114923
19,male,16,76.27894291,10.1241853,44.95829204
20,male,16,79.0571083,10.17138639,45.62777051
21,male,16,81.31338406,10.85360267,43.13122709
22,male,16,79.64048461,11.53871591,43.80372006
23,male,16,78.67899766,9.052014359,44.61423768
24,male,16,78.99218039,10.30502371,42.9106448
25,male,16,80.64792316,11.08577761,45.02865895
26,male,16,77.09381847,9.574551648,45.9058344
27,male,16,81.85533556,11.21676936,44.64248857
28,male,16,76.07902412,10.13454081,42.83152411
29,male,16,79.24365491,10.89542648,44.50249924
30,male,16,78.70435329,11.43163604,43.23989007
31,male,16,77.8276596,11.02900378,44.48159709
32,male,16,78.15197605,11.25002052,43.11904956
33,male,16,80.67514697,8.854521059,42.3487563
34,male,16,79.97242934,9.508646037,45.82213443
35,male,16,79.62838,10.80702666,45.11167738
36,male,16,75.79054883,9.762453441,43.40295075
37,male,16,77.68379065,10.01368785,43.10552876
38,male,16,79.95051649,11.36895557,43.32603616
39,male,16,78.53173321,10.48154589,44.15576291
40,male,16,78.68613903,10.43172251,46.24168638
41,male,16,82.19412735,10.22809006,45.2554501
42,male,16,80.53361786,9.281473137,43.65111717
43,male,16,78.21669522,9.083598224,45.9733497
44,male,16,79.30947757,10.24756363,43.13045795
45,male,16,79.65868339,10.64831716,46.81288726
46,male,16,78.90743916,9.476738653,44.49942158
47,male,16,78.36829814,9.134553932,46.51886059
48,male,16,80.10157224,11.2928564,43.57985965
49,male,16,81.60826997,10.75489885,44.76348366
50,male,16,80.63101881,10.73746641,44.18752523
1,male,17,80.81972068,11.14196755,45.40904635
2,male,17,81.93685847,10.8883205,43.8355984
3,male,17,82.7084449,9.761148123,43.53024916
4,male,17,80.93302348,11.37510854,43.86035986
5,male,17,82.06602988,9.605847963,47.11906579
6,male,17,79.02341148,10.16498818,45.28819309
7,male,17,80.72566369,10.73351693,46.23429205
8,male,17,80.40143328,10.69669893,44.08528621
9,male,17,81.57176256,10.91253485,44.86636754
10,male,17,81.87890708,11.11361446,44.88950091
11,male,17,80.96512584,9.933229368,44.66919139
12,male,17,79.74419298,9.598801599,44.83357369
13,male,17,79.43354299,9.682586838,45.35501566
14,male,17,81.72918916,10.9021382,44.04910798
15,male,17,83.77799002,10.17607201,45.92434076
16,male,17,79.70444237,10.78903849,47.15424385
17,male,17,80.46888252,11.32808713,44.92746109
18,male,17,81.82829306,10.02978622,45.62386492
19,male,17,80.14622114,11.14728926,45.252568
20,male,17,81.4309874,10.04857524,44.9557924
21,male,17,81.10956738,10.93176972,45.53748727
22,male,17,79.72512198,10.52385222,44.93118693
23,male,17,82.77973838,9.904692386,43.95667847
24,male,17,82.80798489,11.16349526,44.89330782
25,male,17,83.14586506,11.00582308,46.46036094
26,male,17,83.60919351,9.891975623,45.68391985
27,male,17,80.2379126,10.52639126,45.47445587
28,male,17,80.3174844,12.26567865,44.86338786
29,male,17,81.6963142,9.973696047,45.66348709
30,male,17,82.39715386,10.383301,42.56452792
31,male,17,80.5547103,11.48202515,44.91756636
32,male,17,80.39564486,9.720411591,43.20279379
33,male,17,80.0252841,12.16628955,44.51345317
34,male,17,84.01618359,10.0328885,43.31965038
35,male,17,76.43448393,10.13499746,46.52100978
36,male,17,80.88160174,10.47301237,44.17354577
37,male,17,81.27260447,11.2522735,44.41361724
38,male,17,79.18674175,12.76487997,46.48237129
39,male,17,81.9323092,10.83832024,45.97590029
40,male,17,77.4625334,10.93373135,44.58891797
41,male,17,83.01444084,9.538529928,42.57619994
42,male,17,78.03961489,10.59886922,46.00441223
43,male,17,77.01480373,8.848152153,44.55198255
44,male,17,79.74922873,10.31920873,44.15290358
45,male,17,81.50795275,11.52299757,44.3529004
46,male,17,79.96202239,10.36135097,43.65661862
47,male,17,80.13735471,10.45965016,43.2973334
48,male,17,81.83308945,10.52733125,43.78529682
49,male,17,79.18808825,10.41338936,46.29976624
50,male,17,81.03688586,10.57003471,43.74563967
1,male,18,83.24607269,9.642136607,44.71136232
2,male,18,85.40458035,10.36339,45.72932582
3,male,18,83.21095857,10.46088865,45.63478947
4,male,18,85.55804969,11.09884136,42.76118836
5,male,18,83.16100406,10.84516365,46.85406865
6,male,18,82.29384186,10.16898527,45.31352882
7,male,18,78.01258377,11.29430969,46.2996351
8,male,18,79.97314875,11.55860979,43.9752493
9,male,18,81.69397101,9.804407631,44.56212395
10,male,18,83.65331387,10.82880778,44.77727929
11,male,18,81.68722421,10.17568196,45.88256207
12,male,18,83.33293238,10.27429603,43.63469245
13,male,18,80.27875843,10.99390454,44.5249865
14,male,18,81.77915354,11.28929486,45.85019786
15,male,18,82.71231146,10.96610986,46.41304539
16,male,18,81.61716714,10.32560897,44.01366561
17,male,18,82.51438022,11.49079841,46.79453674
18,male,18,81.02557875,11.42232274,44.94086946
19,male,18,83.01125592,10.0074322,44.86906051
20,male,18,82.1459957,10.91921797,45.90790367
21,male,18,82.21060624,9.888234661,46.15139628
22,male,18,78.59730454,11.72671348,44.1899842
23,male,18,81.0200297,10.8890417,46.13749573
24,male,18,79.46967624,11.44699472,43.96124392
25,male,18,79.24913569,10.97170066,46.10628209
26,male,18,81.36162211,10.62421073,44.46350136
27,male,18,81.9944831,11.22534198,44.15570974
28,male,18,82.83884043,9.927677577,46.37082256
29,male,18,84.37339904,9.697122302,45.66433367
30,male,18,83.14436056,10.25819245,43.63843017
31,male,18,84.22293365,10.88453257,46.14427551
32,male,18,81.30001045,10.41041835,44.77908837
33,male,18,81.71510367,10.37441688,45.78211485
34,male,18,84.36182088,11.34459605,45.64857498
35,male,18,82.30229365,10.3484651,43.93604807
36,male,18,79.10753504,11.38211981,44.96220995
37,male,18,80.69154451,10.15894486,45.07186327
38,male,18,84.21442491,10.52046165,44.57902636
39,male,18,81.13959921,10.12158066,42.7067992
40,male,18,82.93354385,10.40166047,44.49079904
41,male,18,82.32702312,9.886812192,45.68833188
42,male,18,81.35692055,11.01289088,46.25932568
43,male,18,81.63350585,11.52762001,46.47418362
44,male,18,83.04426904,10.89835109,45.9565236
45,male,18,82.69819977,11.89858749,44.85798541
46,male,18,84.64587327,9.551929997,44.68509858
47,male,18,81.92034241,10.17391355,44.40308724
48,male,18,80.54590472,11.06725108,46.22651946
49,male,18,82.61521589,11.1433655,44.37583541
50,male,18,83.64013565,10.9288977,45.34421643
1,male,19,87.53573722,12.12197949,46.41387961
2,male,19,82.31900228,12.0727727,45.73090855
3,male,19,82.57992821,9.878486947,45.52410881
4,male,19,84.8767371,10.60781702,44.79618547
5,male,19,85.63444364,9.896176641,43.90082368
6,male,19,81.94850447,10.17845822,44.96791461
7,male,19,84.46268386,11.07377948,44.2724906
8,male,19,82.12620072,11.14598544,45.46730917
9,male,19,81.37186129,10.35368381,45.33782946
10,male,19,84.38438571,11.11112031,44.89617439
11,male,19,83.40234577,10.3905152,45.99592329
12,male,19,83.93972867,11.07458971,47.04554704
13,male,19,82.09704336,10.97920168,45.36661145
14,male,19,86.61045812,10.70119119,45.9492362
15,male,19,84.46404722,10.22793528,44.0686793
16,male,19,82.48863539,10.57427246,45.17999661
17,male,19,84.53522297,11.24380234,45.33716764
18,male,19,80.89242267,10.55407271,45.85009399
19,male,19,82.93827476,10.67214455,45.76151217
20,male,19,85.86638001,10.15116752,45.50874311
21,male,19,82.84120531,10.59611964,45.76979035
22,male,19,84.92993171,10.88260035,44.23617013
23,male,19,82.7783482,10.38962381,45.5291185
24,male,19,78.83374984,10.63210136,43.34689421
25,male,19,81.52759616,10.12951412,46.39203162
26,male,19,83.62319781,11.42441533,46.12085666
27,male,19,85.94845015,12.44684262,45.24057602
28,male,19,82.07253596,10.60233884,47.3255196
29,male,19,83.72436012,11.2266664,44.64211857
30,male,19,81.36684335,12.00737721,46.82682122
31,male,19,81.26873314,10.63088909,46.14136814
32,male,19,81.72309838,10.62758451,47.92758025
33,male,19,85.80121793,11.3530926,46.82283645
34,male,19,84.98658917,10.23335794,46.213758
35,male,19,84.3279638,10.77880445,45.99930845
36,male,19,85.31937885,10.51278445,45.940783
37,male,19,82.39359251,10.22251408,46.33621295
38,male,19,84.64319618,11.19448717,46.21598898
39,male,19,83.59829563,10.80283027,46.74044955
40,male,19,81.20670824,12.41866805,45.1315303
41,male,19,81.62098178,8.909887473,47.42409368
42,male,19,83.29510057,11.35169735,45.26921912
43,male,19,83.59069712,10.32507481,43.73304708
44,male,19,82.589419,10.69963958,46.83023675
45,male,19,81.30666664,10.13783931,43.59298403
46,male,19,79.22730531,11.30488034,45.34599084
47,male,19,84.00794741,11.84879244,44.28193213
48,male,19,82.63898375,11.24237854,46.86908282
49,male,19,84.24340568,10.26170043,46.0982678
50,male,19,80.26280555,12.03013423,44.48075207
1,male,20,81.81866172,10.88539133,46.67932322
2,male,20,83.98846944,11.12511709,45.66151229
3,male,20,81.51565428,10.96553296,46.23736027
4,male,20,80.43238768,10.84893949,46.49396498
5,male,20,85.68883127,11.05668396,44.79143812
6,male,20,85.91165175,10.27861308,45.72086224
7,male,20,82.24306908,11.80724791,42.3676957
8,male,20,83.68309119,11.45243022,44.9785326
9,male,20,82.04545148,11.05517999,46.41560257
10,male,20,84.80121114,11.66178401,46.62261817
11,male,20,84.14361123,10.14449585,46.113455
12,male,20,82.54802514,11.75959027,45.69622816
13,male,20,82.72898667,11.14840131,46.29830413
14,male,20,82.18204573,11.35225472,44.28646199
15,male,20,85.0291111,10.6810016,44.59067272
16,male,20,85.28491681,10.45239449,44.30495858
17,male,20,84.9153023,10.61765786,45.82227132
18,male,20,82.59850957,11.72537713,45.47533673
19,male,20,80.80627771,11.76354366,45.87270045
20,male,20,85.20866376,12.08841068,45.86908189
21,male,20,83.863588,10.95660196,46.7935311
22,male,20,84.12515454,10.47076049,47.49037477
23,male,20,86.16104317,12.03072632,43.8290384
24,male,20,82.50231991,9.913638573,45.92170894
25,male,20,86.37362912,10.88878024,44.67028864
26,male,20,83.41493616,11.42227991,47.0929339
27,male,20,82.84494314,10.18640068,46.2392293
28,male,20,83.80908233,9.907932951,46.8299343
29,male,20,84.94103748,11.34242991,43.91644521
30,male,20,83.80629027,12.13473536,45.49876099
31,male,20,82.48903628,10.49968443,47.33541356
32,male,20,83.66491387,10.51931879,44.36147829
33,male,20,79.37033091,10.34087736,44.20577228
34,male,20,83.2338278,12.0393082,45.22792007
35,male,20,85.06633581,10.50444536,44.59807288
36,male,20,83.87840643,10.41378934,46.39987358
37,male,20,85.50782267,10.43717901,44.89344198
38,male,20,85.12336662,10.58846721,45.14961919
39,male,20,85.42672882,10.58159744,43.78136148
40,male,20,85.4464854,11.42451323,45.8247388
41,male,20,80.89669655,11.21120968,46.20909529
42,male,20,84.20790339,11.33232378,43.85957886
43,male,20,87.29712794,10.5588598,47.13950144
44,male,20,83.28707807,11.50716002,44.2855518
45,male,20,85.06032464,8.86980561,45.94691631
46,male,20,84.47244809,11.78939152,45.60838657
47,male,20,85.25832323,11.13989247,44.35069572
48,male,20,83.68314278,10.71642847,44.73737284
49,male,20,82.96823134,11.33286925,46.53879983
50,male,20,84.3367256,10.14381454,45.32092623
1,male,21,85.49484818,10.75710051,45.40505678
2,male,21,84.74786865,11.27642013,46.7143402
3,male,21,85.15973726,10.10621039,46.05684155
4,male,21,85.88156867,11.1718282,45.31653666
5,male,21,83.62525061,11.17456905,45.82867349
6,male,21,87.26538755,11.00475209,44.00167564
7,male,21,89.28144451,10.29480939,45.91308025
8,male,21,87.90669012,12.01676056,48.22881007
9,male,21,84.23660608,10.16023817,45.33173911
10,male,21,81.63651419,10.16601571,44.93012619
11,male,21,85.20297612,10.79215175,47.24983084
12,male,21,86.77251912,12.28451265,46.60137582
13,male,21,86.57840273,11.27481805,47.30190934
14,male,21,82.76348113,11.38169671,46.31088363
15,male,21,82.98501783,11.04880791,46.09160485
16,male,21,85.35411481,11.38959319,46.42662711
17,male,21,86.28955456,11.64323247,44.57293016
18,male,21,86.75857016,11.69522853,45.92294916
19,male,21,86.65114476,12.15947703,46.12837427
20,male,21,83.26084657,10.65536071,47.83992183
21,male,21,82.60605039,11.08932052,46.62855851
22,male,21,81.27621242,11.48947706,47.56401932
23,male,21,86.05937213,11.77755301,45.67041997
24,male,21,86.67341197,10.96688443,44.59045658
25,male,21,85.73811631,11.65554178,44.62301362
26,male,21,83.08766355,10.81608312,44.05320878
27,male,21,88.07866182,10.96096648,43.44451222
28,male,21,84.39672141,11.90850064,45.14741544
29,male,21,88.48017289,9.882071849,45.02298051
30,male,21,86.14766381,11.35508272,47.30061145
31,male,21,87.36159023,11.84815799,43.64856687
32,male,21,85.72814423,10.95865611,45.7907486
33,male,21,84.97716077,11.63739901,45.08643828
34,male,21,83.17615867,10.70545259,46.38871131
35,male,21,84.03882304,11.31984519,46.52752365
36,male,21,85.01049511,11.20684513,44.59223969
37,male,21,85.63594073,11.1799858,45.39604774
38,male,21,85.0368835,10.30694892,45.34085528
39,male,21,84.76185322,11.08618837,44.33738726
40,male,21,85.44862248,10.63023313,45.7413154
41,male,21,84.10369312,10.9482749,45.16240029
42,male,21,84.08171883,11.9169708,44.82035884
43,male,21,82.33416107,10.80338519,44.37890558
44,male,21,86.70791579,11.17708959,45.66981163
45,male,21,85.1891715,11.27211654,45.69459928
46,male,21,84.94111396,11.06737378,44.82703184
47,male,21,83.69225463,11.76426334,47.5199052
48,male,21,84.62922966,11.17028652,44.2068195
49,male,21,83.03511257,11.30842876,45.37282116
50,male,21,83.10633503,10.57680316,44.72726659
1,male,22,82.35399163,11.03241865,46.72723685
2,male,22,87.86522767,10.8470969,47.03891598
3,male,22,86.23933176,11.6319948,42.74655476
4,male,22,83.87812489,12.10607025,45.00373152
5,male,22,88.21119455,10.97755795,43.41588796
6,male,22,87.1867242,9.749316331,47.90402911
7,male,22,87.41052632,10.70814106,45.86711926
8,male,22,85.57103592,10.64600687,46.22660882
9,male,22,85.19654319,12.12652835,45.72000044
10,male,22,85.81369949,11.40009558,43.83172476
11,male,22,86.76891225,12.39531622,43.79843094
12,male,22,87.51983775,11.58063289,46.75770479
13,male,22,89.01999138,10.21670995,46.1344421
14,male,22,85.03276623,11.64643743,44.82417126
15,male,22,84.07042698,10.77650227,43.9855718
16,male,22,86.19163146,11.30042235,46.5308852
17,male,22,91.74199795,11.22884264,44.61305009
18,male,22,85.18562989,11.1991593,45.34132929
19,male,22,88.17679431,11.06804166,46.64598453
20,male,22,85.5381134,12.64484571,44.63966838
21,male,22,85.09076785,12.3568984,44.11095581
22,male,22,84.65020747,10.67750092,48.01919861
23,male,22,85.59863521,11.43907614,45.07268823
24,male,22,89.11939049,12.10595528,47.85081158
25,male,22,86.57350877,12.0717679,45.14056262
26,male,22,86.92592533,10.67323187,46.21259465
27,male,22,87.59359801,12.28686063,46.32782051
28,male,22,89.93630887,10.80678294,44.2873957
29,male,22,87.4736758,11.38864977,44.81543357
30,male,22,83.28848843,11.41812906,47.93968489
31,male,22,84.03632846,9.956006213,45.67158869
32,male,22,82.98003528,11.20668481,46.97265861
33,male,22,80.58776114,9.829729399,43.73258408
34,male,22,88.45239446,9.923563047,46.81970465
35,male,22,85.06192464,11.5243608,45.33648085
36,male,22,86.75044429,11.53887039,45.48880861
37,male,22,88.24507392,11.98203429,45.05532397
38,male,22,85.02751788,11.56568234,45.61281434
39,male,22,85.74356147,10.82836149,45.93010959
40,male,22,86.66548674,10.73949105,43.62009817
41,male,22,86.42917052,11.86318815,44.73805759
42,male,22,84.52880103,12.31572495,46.24217489
43,male,22,87.38854966,11.8591556,45.55368142
44,male,22,87.0367075,11.45184735,45.82512322
45,male,22,85.45194634,11.25170196,45.34130393
46,male,22,83.67747627,12.43989187,47.1618937
47,male,22,87.20333383,9.555819113,45.70237706
48,male,22,88.71228735,11.99503637,45.60479961
49,male,22,88.62298324,11.1826133,46.52813497
50,male,22,87.65800568,10.51102917,48.45547717
1,male,23,85.98204337,12.08566343,46.4535822
2,male,23,85.89044085,10.81380495,47.19154453
3,male,23,85.78339896,11.74080419,44.80913572
4,male,23,86.11777405,11.62987419,45.88849763
5,male,23,88.24745268,11.59883973,45.20814075
6,male,23,87.38715383,10.20353182,46.87363799
7,male,23,83.37291489,11.61369401,45.97303552
8,male,23,83.3648835,11.15477473,46.57038403
9,male,23,86.85661522,11.00735045,49.01812982
10,male,23,87.18488362,10.67146551,45.01049695
11,male,23,82.51579875,10.70291127,46.46392239
12,male,23,85.34875027,10.90807757,44.56530259
13,male,23,86.95236619,12.37289329,44.92305115
14,male,23,89.67739324,11.98661551,47.12830435
15,male,23,83.07554942,11.69238274,45.70012596
16,male,23,84.51465587,12.70153969,46.22359234
17,male,23,84.84741699,12.62845684,44.94039923
18,male,23,87.23325255,12.13207254,45.64389621
19,male,23,87.52859452,10.67159061,44.61469155
20,male,23,86.29069046,12.50315602,46.51213482
21,male,23,83.83657549,11.35851136,44.70167261
22,male,23,85.70195041,11.33013009,45.41685918
23,male,23,85.83507663,11.66627808,45.28238257
24,male,23,86.51509556,11.5440564,45.98624142
25,male,23,89.98348184,11.15428396,45.31646624
26,male,23,85.61413599,11.97940863,44.2458401
27,male,23,87.04490237,11.16257026,46.13611898
28,male,23,85.55974315,11.10464338,46.7154926
29,male,23,84.54356709,11.32199461,47.80459761
30,male,23,88.10830101,10.96822199,44.0566338
31,male,23,84.90380551,11.6075774,47.51009233
32,male,23,92.09689746,11.43192255,44.57109059
33,male,23,87.07586958,11.2928696,45.57583343
34,male,23,87.01448179,11.82465397,44.34672215
35,male,23,86.7735641,10.22261834,47.63427042
36,male,23,90.40292653,11.67670934,45.96757103
37,male,23,88.16146151,12.13087378,45.74874412
38,male,23,86.42311778,12.11630848,46.32420793
39,male,23,84.68423937,13.06223907,49.22735707
40,male,23,84.92641725,11.05211562,45.01223117
41,male,23,85.40852032,10.81392744,46.33739971
42,male,23,89.20840202,11.72826858,45.91649592
43,male,23,86.54093501,10.32031632,46.00517855
44,male,23,85.46132262,12.3474841,47.1380411
45,male,23,88.40491301,10.76702049,46.04342518
46,male,23,89.45584204,11.80698274,45.70545275
47,male,23,85.58039018,11.26353637,46.17874814
48,male,23,86.05462817,9.83436653,44.94350413
49,male,23,87.55603995,11.68154142,48.05001808
50,male,23,86.89079557,10.72789672,48.03170239
1,male,24,88.5720963,12.24561074,45.04416979
2,male,24,91.0569772,9.883956293,43.73406491
3,male,24,87.68526555,11.50829733,48.34203559
4,male,24,87.26666569,10.86262209,46.59081402
5,male,24,88.72228748,12.38901613,44.31211669
6,male,24,87.70624539,11.09051575,45.02696263
7,male,24,88.99275362,12.25473841,44.76455521
8,male,24,87.37445481,11.27219553,46.15771696
9,male,24,88.64269316,11.69087475,45.66959035
10,male,24,84.82889266,12.62364699,47.649754
11,male,24,87.82641695,11.12248144,48.233971
12,male,24,86.81918962,12.87303287,47.09149759
13,male,24,85.53796911,12.29031086,45.97453065
14,male,24,87.01516851,12.49922093,47.34120294
15,male,24,88.5067904,10.0275196,45.10286503
16,male,24,87.97545163,11.48203836,45.2203618
17,male,24,89.11761915,10.57336836,46.02930532
18,male,24,89.58770856,12.13149253,45.77739106
19,male,24,89.37408166,12.45594392,45.06961631
20,male,24,87.18347056,11.16772523,46.4454565
21,male,24,85.27650322,11.24175824,45.25006792
22,male,24,87.26736356,10.46489386,47.3610861
23,male,24,90.02234533,12.15365634,45.57844064
24,male,24,87.56919491,12.62306537,45.56688394
25,male,24,84.68914586,10.41004745,45.92331614
26,male,24,88.73362812,10.33123968,47.63430621
27,male,24,88.33545669,12.40089877,46.73328985
28,male,24,87.03885363,12.5439793,46.43705568
29,male,24,88.12938686,11.86008952,47.23009451
30,male,24,90.40183657,11.76957432,44.69888207
31,male,24,90.26847258,11.16511902,47.37607832
32,male,24,86.9330359,11.83732665,46.01050478
33,male,24,87.82026324,11.28350191,44.26779535
34,male,24,85.03723062,13.03026325,45.29421055
35,male,24,86.41726868,11.28546362,45.56121964
36,male,24,91.61565676,9.40383083,47.82356539
37,male,24,90.6462184,11.94997355,43.6030731
38,male,24,87.36441602,10.72000089,45.58370397
39,male,24,86.48431622,12.175933,44.8421334
40,male,24,85.20341574,10.51773274,46.32351093
41,male,24,91.83949852,11.41885347,46.02182667
42,male,24,88.01779648,11.87328516,47.26671024
43,male,24,86.67149707,11.46191086,47.18925938
44,male,24,89.84832794,10.23713536,46.85520407
45,male,24,85.71078692,10.60065328,48.15477367
46,male,24,89.18047198,11.00470737,44.70197591
47,male,24,90.53765357,12.73712837,45.40895947
48,male,24,87.4006767,11.51135329,47.15751687
49,male,24,90.55743379,12.49292142,45.30032337
50,male,24,89.01894772,11.72564732,44.50091139
1,female,0,48.09114384,2.758775048,33.35640873
2,female,0,48.68568052,3.573303279,35.14035281
3,female,0,51.90567497,2.742065558,32.6383555
4,female,0,49.2269151,2.852910363,35.52912046
5,female,0,49.33271792,3.703349994,34.90781033
6,female,0,52.18711698,2.890846093,34.26864412
7,female,0,49.92964917,3.184122204,34.53214286
8,female,0,46.82288978,3.862355263,34.12398163
9,female,0,47.86366487,2.416372743,33.40825469
10,female,0,48.29780845,4.236941014,33.52212148
11,female,0,51.30334724,4.527271049,33.23578062
12,female,0,49.74766489,3.599412813,35.26253977
13,female,0,49.82138861,3.474255263,34.55944126
14,female,0,49.29922889,2.877325916,33.78039287
15,female,0,48.09948596,3.519124918,32.64725734
16,female,0,52.31644365,2.87371159,34.25184087
17,female,0,49.99613086,3.387310382,32.79279705
18,female,0,45.56008912,2.753693095,32.96322675
19,female,0,50.36244062,3.712462461,36.14266465
20,female,0,48.24897547,3.649389747,32.36441955
21,female,0,47.17791733,4.007949355,32.9287055
22,female,0,48.70764515,4.488436313,33.26111326
23,female,0,47.25319199,2.779812807,33.24466874
24,female,0,47.78799579,3.82802304,32.66192208
25,female,0,47.97492932,2.272276159,33.69350196
26,female,0,46.06395204,2.902635557,32.75815375
27,female,0,50.60801668,3.814553345,35.3767066
28,female,0,49.37607161,2.720047052,34.03586422
29,female,0,47.05135351,3.424666455,34.84396257
30,female,0,51.35686686,2.614710949,32.35402928
31,female,0,49.8676356,2.959272042,33.88409719
32,female,0,48.56887133,3.173481998,34.50013325
33,female,0,50.71122619,2.801992802,34.0079233
34,female,0,50.68064028,1.935196142,33.91935629
35,female,0,50.57884595,3.358012614,32.76229187
36,female,0,50.33955246,3.508685062,33.20841116
37,female,0,50.09705178,3.288864473,33.45460845
38,female,0,48.98855892,2.882313978,33.01739166
39,female,0,48.54926721,3.785132377,34.74018787
40,female,0,48.4151522,3.900398179,35.83557423
41,female,0,47.84952744,1.657113944,35.34669809
42,female,0,48.7257489,3.930973644,34.36512425
43,female,0,46.82228657,2.043293964,33.76986154
44,female,0,53.00412074,2.976042264,34.5336063
45,female,0,51.2743316,2.479037476,33.03252437
46,female,0,47.07840455,2.790431241,34.19140882
47,female,0,48.3748073,4.05597445,34.08311282
48,female,0,48.26002036,3.547433702,31.32047446
49,female,0,50.50393721,3.521033756,35.98630072
50,female,0,48.94993568,1.84930492,32.43528242
1,female,1,54.15597333,4.327611473,32.9115346
2,female,1,53.64861584,4.60872205,35.79962328
3,female,1,53.62283318,4.759615643,35.91815352
4,female,1,56.16348411,3.567389222,35.79119403
5,female,1,53.29361223,4.809402984,35.95462108
6,female,1,56.42964709,3.293116244,34.49657993
7,female,1,50.91224495,5.330182962,36.45174681
8,female,1,54.75230475,3.680887711,37.31875634
9,female,1,53.92293764,4.697265851,34.87739856
10,female,1,54.08869482,4.406642374,36.13646166
11,female,1,54.38335107,3.508659664,35.50200965
12,female,1,52.79581778,4.943768126,35.7331355
13,female,1,53.10022671,4.221694948,36.8732793
14,female,1,51.86656431,4.731965054,36.10554503
15,female,1,51.77077579,4.341824856,37.92502517
16,female,1,54.24635155,4.764523214,35.43448033
17,female,1,54.5067776,4.214092339,37.43013762
18,female,1,53.79540761,4.924898622,35.29877888
19,female,1,55.36008144,3.971082438,35.54554536
20,female,1,57.39015243,4.542737407,35.44017061
21,female,1,52.8161439,4.446071489,36.11669223
22,female,1,49.54349602,4.748508855,36.31318765
23,female,1,55.51032934,3.796322378,35.9596772
24,female,1,52.42343863,4.315499474,36.45925787
25,female,1,52.46158449,3.822892699,34.93987442
26,female,1,55.54602847,4.790614587,35.53723363
27,female,1,53.18740859,3.786153853,36.51734888
28,female,1,51.50270812,5.325955153,36.94188643
29,female,1,54.02634626,4.713741541,36.17217521
30,female,1,53.44999555,4.191089814,36.58032881
31,female,1,53.71037553,4.984027709,36.72406727
32,female,1,54.39350472,4.145015889,36.47023989
33,female,1,53.03281194,4.566120483,35.55391057
34,female,1,54.85987779,4.54332636,35.61922169
35,female,1,53.30312419,4.474974981,36.48419322
36,female,1,54.29720754,3.812103251,35.29907779
37,female,1,55.67431022,3.38695122,35.65481787
38,female,1,54.48332668,3.106959539,35.69901229
39,female,1,53.11332315,3.903407367,34.05451009
40,female,1,55.76785371,4.643815575,36.16760779
41,female,1,55.48830694,4.044625636,36.42700753
42,female,1,54.68711453,3.417821893,35.7327863
43,female,1,54.12971712,5.601710441,37.77347392
44,female,1,52.56976906,4.656306125,35.60663939
45,female,1,56.14917441,5.465301765,36.43667916
46,female,1,52.61953274,4.98847363,36.38585794
47,female,1,57.63719939,3.802603573,36.66314696
48,female,1,56.45869913,3.932251218,36.2594833
49,female,1,53.27573935,3.263557364,35.58959136
50,female,1,51.85244238,4.681307745,36.41968857
1,female,2,55.82126819,6.155378514,37.57887457
2,female,2,57.56239068,4.501684829,37.56787435
3,female,2,56.65595462,4.31857153,38.09154927
4,female,2,56.47442332,5.673740744,38.15000628
5,female,2,55.38708658,4.114288627,37.29062485
6,female,2,57.0189501,6.349047513,36.87202393
7,female,2,55.68717195,5.471888256,38.76105669
8,female,2,54.09770451,3.985318215,37.35831381
9,female,2,56.41559226,5.330697282,36.88610833
10,female,2,58.7541939,5.168368213,36.25913782
11,female,2,56.06437547,3.495531203,37.59698843
12,female,2,58.19433578,5.07279228,37.72586565
13,female,2,54.18781113,4.718280501,36.04814214
14,female,2,56.99998846,4.523256955,35.81681006
15,female,2,58.03493297,5.255165933,37.50261683
16,female,2,57.64207605,5.653078696,36.39921038
17,female,2,57.29021715,6.222555742,38.78347683
18,female,2,55.94672919,3.38887003,36.08208066
19,female,2,55.57053218,5.583347363,35.59620657
20,female,2,55.25656818,4.480971778,37.22316727
21,female,2,57.31176387,5.851614607,37.8148056
22,female,2,55.39454569,5.324810088,37.47256926
23,female,2,56.2169966,6.039222162,37.1670544
24,female,2,56.63903405,4.136205151,37.71668091
25,female,2,60.41895161,5.421510343,36.45477579
26,female,2,55.92649018,5.29185357,37.54969113
27,female,2,57.52369583,5.78111046,36.38294401
28,female,2,57.24032953,4.949740469,36.41516566
29,female,2,55.36865806,5.84361095,37.41738702
30,female,2,56.97164544,4.810775431,37.7526114
31,female,2,59.70019155,4.820995687,36.34396628
32,female,2,57.9127073,5.116496546,35.59392469
33,female,2,57.17421926,4.404986088,36.17101502
34,female,2,56.3395057,4.803228433,35.09977671
35,female,2,53.404155,5.821502489,37.4419189
36,female,2,59.13640698,6.173688658,37.94324565
37,female,2,54.47084787,5.824265542,39.28212206
38,female,2,58.43190552,4.823837636,36.31579878
39,female,2,60.53638642,5.307011926,36.78020841
40,female,2,54.50099231,5.164018272,37.18064032
41,female,2,58.3632118,4.281632143,37.56134134
42,female,2,56.62804452,5.267315337,36.42181685
43,female,2,54.27014051,4.564209337,38.3222654
44,female,2,54.37359822,4.410594258,36.88234192
45,female,2,54.21723489,5.57157855,38.38368763
46,female,2,56.14436826,4.639844273,35.50785986
47,female,2,54.46883995,5.006368312,37.12154187
48,female,2,58.33825019,4.467084875,37.6803522
49,female,2,60.88019609,5.136363877,36.75858998
50,female,2,54.78334514,5.42002526,36.77344455
1,female,3,61.21792993,6.126654416,37.69849231
2,female,3,61.18427603,5.101082315,38.51376278
3,female,3,60.39796464,6.617727463,39.7885282
4,female,3,57.98492211,6.770431613,37.27327098
5,female,3,59.58498531,6.042391777,38.2910962
6,female,3,59.2952884,5.902361706,37.86917645
7,female,3,60.81338116,5.850272887,39.95452354
8,female,3,59.12961024,5.967404865,40.520501
9,female,3,61.5585521,6.044675333,38.95080644
10,female,3,59.12575446,5.888935352,38.47294196
11,female,3,61.69488064,6.224985061,39.90287478
12,female,3,57.91148139,5.581750447,37.89222336
13,female,3,57.53172056,6.534074204,38.33749758
14,female,3,65.63387188,5.775506172,39.55525144
15,female,3,59.04965634,4.658798889,38.51628511
16,female,3,60.33680966,5.73518176,37.87704587
17,female,3,60.94582541,6.090563294,38.60348499
18,female,3,58.92919487,6.599520587,37.90760279
19,female,3,60.73035168,5.839136781,40.45691027
20,female,3,60.46413615,4.538955019,37.97845403
21,female,3,59.41231509,5.803140648,39.43483884
22,female,3,59.91752746,5.020512251,38.40125442
23,female,3,59.73867894,5.165531293,39.86338614
24,female,3,63.63121342,5.133342417,39.42379678
25,female,3,58.46559503,5.280502499,37.68636738
26,female,3,57.82720672,6.539133909,38.71026336
27,female,3,59.86801912,5.259506215,38.23960193
28,female,3,60.35886535,5.514609197,38.95306114
29,female,3,60.58574226,5.91971275,38.349003
30,female,3,58.9749424,6.378746757,38.91736812
31,female,3,57.88601296,5.366641743,38.27132299
32,female,3,62.07373332,5.262954488,39.45120664
33,female,3,59.1706293,5.462899781,38.74448364
34,female,3,58.24207685,5.038382845,36.95254803
35,female,3,59.37469678,6.398021677,38.37719735
36,female,3,59.44508339,4.381727213,38.0296708
37,female,3,61.79785652,5.45700015,39.62808041
38,female,3,59.95252713,4.863258986,37.13316373
39,female,3,61.15729681,4.52808989,36.15050554
40,female,3,58.90127437,5.818627828,38.91444286
41,female,3,60.18600156,6.79985318,39.43615827
42,female,3,59.21556536,6.862516231,38.89820139
43,female,3,59.97025035,5.434195465,39.88806092
44,female,3,58.18834596,5.346978789,39.39215126
45,female,3,57.44055724,5.450152903,37.37665886
46,female,3,63.39498409,6.261571651,39.42357749
47,female,3,60.88127588,4.134896974,37.7523457
48,female,3,57.54771155,5.961005308,39.61559631
49,female,3,58.69990135,5.536398752,39.4921701
50,female,3,57.66613585,5.316439977,38.34523316
1,female,4,66.05785863,5.09602198,40.37473087
2,female,4,64.46234336,6.266212828,38.90531273
3,female,4,61.6227389,5.328113098,40.31210616
4,female,4,63.07774931,6.390049882,36.66292199
5,female,4,61.35418809,5.81831391,38.04346849
6,female,4,61.24275559,6.430107821,39.36231317
7,female,4,60.68051489,6.699652652,38.63827436
8,female,4,61.02968892,6.072569801,36.26524594
9,female,4,65.07163344,5.735441003,38.28124631
10,female,4,62.00274937,6.002367551,40.97535444
11,female,4,62.31464143,5.966194223,37.87034322
12,female,4,62.53863737,5.429370711,39.38363185
13,female,4,64.31845658,5.892598161,38.65671149
14,female,4,61.1710851,6.274286662,39.2201476
15,female,4,60.31348713,6.256458349,39.00489856
16,female,4,65.11625448,6.614202131,39.05049434
17,female,4,61.30590621,7.23971922,39.06524103
18,female,4,60.79848125,6.616886171,36.80530705
19,female,4,59.87470839,7.359261534,39.20061554
20,female,4,59.7875117,5.978848123,39.34118716
21,female,4,61.06684774,7.277934467,39.65357036
22,female,4,63.21237447,6.78571579,40.70396309
23,female,4,64.09772665,5.625389225,39.24043615
24,female,4,63.37365904,6.661411158,39.49784909
25,female,4,61.44541687,5.595499654,37.62957806
26,female,4,62.20754989,7.015699939,39.30953215
27,female,4,60.83172637,6.049165006,37.48900293
28,female,4,60.80900731,6.246528378,41.39833824
29,female,4,63.6923709,5.958301282,38.80727517
30,female,4,60.27193336,5.84608411,39.58737698
31,female,4,65.61952914,7.506390811,39.68546938
32,female,4,61.93742473,7.04467294,37.76175772
33,female,4,62.48616989,6.8388885,39.71356894
34,female,4,60.77065013,6.447852973,38.01981006
35,female,4,61.06610036,6.878616979,39.70435623
36,female,4,59.72937096,6.830113305,38.5193144
37,female,4,61.7707343,7.442288389,38.45206887
38,female,4,62.85416833,6.952525856,39.6556268
39,female,4,62.68374782,6.265977146,39.60307001
40,female,4,60.69323432,6.260319587,38.92620267
41,female,4,60.68048045,6.095752833,38.39003763
42,female,4,61.19604231,6.163569935,39.41340633
43,female,4,64.79290921,6.246155439,39.14637084
44,female,4,60.05285348,7.194872487,40.25545053
45,female,4,61.77770713,4.886566239,38.50470767
46,female,4,65.52425128,5.943800212,39.06462578
47,female,4,61.91824521,6.313627532,41.69786154
48,female,4,59.65228673,5.565882038,37.78769193
49,female,4,60.90341502,7.452415397,39.54897656
50,female,4,62.97382796,6.247933604,39.65171557
1,female,5,63.32391483,6.174003215,39.50622045
2,female,5,62.98862255,6.320451039,39.21935633
3,female,5,63.38094898,7.467056856,38.39707553
4,female,5,64.16289396,8.114856071,38.4406439
5,female,5,66.87731579,6.819225473,39.70957724
6,female,5,63.8405828,6.969568725,41.37806549
7,female,5,65.94543909,6.283452211,40.05907845
8,female,5,65.13535741,7.755819062,41.70029168
9,female,5,63.79544819,7.369727002,39.33754008
10,female,5,61.24077639,5.385985249,40.63646286
11,female,5,63.06198883,6.480598845,40.13683847
12,female,5,63.11823318,6.747823629,40.3989151
13,female,5,64.08487798,6.179695562,40.22594169
14,female,5,66.34035762,6.722404286,40.85550033
15,female,5,68.12754215,6.16326325,39.99149499
16,female,5,66.78564591,7.13355017,41.06535258
17,female,5,63.76032826,7.118169097,40.53920341
18,female,5,60.83825069,7.42713983,39.98950895
19,female,5,63.30019624,7.170696488,39.87590901
20,female,5,64.160573,7.936174125,38.59566167
21,female,5,65.52102341,6.64901038,39.28653934
22,female,5,65.73255034,5.500352811,39.71036168
23,female,5,65.23175697,6.916678489,41.02919774
24,female,5,61.48850617,7.322401749,40.87045092
25,female,5,65.52935748,6.63919686,39.11309749
26,female,5,63.19619701,7.81056971,39.476045
27,female,5,64.31464486,7.611599641,41.91085334
28,female,5,64.13419212,7.249370644,38.4462312
29,female,5,64.77070018,6.945353593,40.19728727
30,female,5,64.04441497,6.541524588,40.30542156
31,female,5,60.99854482,6.784986811,39.44812645
32,female,5,65.32569274,7.204965601,38.4902605
33,female,5,64.69484782,7.529067912,39.5671308
34,female,5,63.52182707,6.707525473,42.95737676
35,female,5,64.21266012,6.426635382,39.87925654
36,female,5,64.24126956,8.50914381,39.75456694
37,female,5,64.39783504,7.237062161,40.19730362
38,female,5,66.9535231,6.312657917,38.71430247
39,female,5,63.60570932,7.505136387,40.82631618
40,female,5,64.30251769,6.940096224,40.79133571
41,female,5,66.10309097,7.437413012,39.61704031
42,female,5,65.89752584,6.933668019,40.06526723
43,female,5,66.0614736,6.862021117,39.44445767
44,female,5,62.9605576,6.958897553,40.7588809
45,female,5,67.60446891,7.168307518,38.17534335
46,female,5,64.12006157,6.503444274,39.7555239
47,female,5,67.36033332,6.4740139,40.68576382
48,female,5,61.56837517,6.779893516,41.85607008
49,female,5,64.03777046,7.011345931,39.00064835
50,female,5,66.24984623,6.693705304,38.76951569
1,female,6,64.41256406,7.506039966,40.38096789
2,female,6,64.34515986,6.583871982,40.43672884
3,female,6,64.01063033,6.369877006,41.33384648
4,female,6,63.8054761,8.529806911,40.37417308
5,female,6,64.91311284,7.558620123,39.86857989
6,female,6,66.29612251,7.041931713,42.57893317
7,female,6,62.0744211,7.118027398,40.13793166
8,female,6,66.08156478,7.810327045,41.46896563
9,female,6,67.92601508,7.163291471,41.31885797
10,female,6,69.36763323,7.424874727,40.01628302
11,female,6,68.04211679,7.127928343,42.32867999
12,female,6,67.06219457,6.974095812,39.22862149
13,female,6,62.59188528,7.691423379,39.46848739
14,female,6,64.61728793,7.391971463,41.78383398
15,female,6,65.06631638,8.146178234,38.78679594
16,female,6,66.96634302,6.568492043,41.20109292
17,female,6,65.5097916,7.212050186,40.71719447
18,female,6,63.43443247,7.164157183,41.31342065
19,female,6,68.73198427,6.601339483,41.35957948
20,female,6,67.34050433,7.948608172,39.76789399
21,female,6,66.12737449,7.230190163,39.74713546
22,female,6,67.8925955,6.399387306,41.39572517
23,female,6,63.29020628,6.915108592,41.47722243
24,female,6,66.88947654,6.581533186,39.27496109
25,female,6,64.75875772,7.975407533,39.14491914
26,female,6,66.93074194,8.952887897,39.3178742
27,female,6,65.59052048,6.862084718,40.48374303
28,female,6,66.83932928,7.240050495,40.4768336
29,female,6,68.10393171,7.481827772,43.06035107
30,female,6,65.71312216,9.060823622,41.09133648
31,female,6,67.53160555,5.786147749,40.33397286
32,female,6,63.56081874,6.965928772,39.91926578
33,female,6,64.40111201,6.518183408,39.91143788
34,female,6,68.43459188,7.152043876,39.81814162
35,female,6,66.37929835,7.120665509,39.29643813
36,female,6,62.00599892,6.825624276,40.69224085
37,female,6,63.24473259,8.492201216,36.99189528
38,female,6,65.33859417,7.467092469,39.21361133
39,female,6,67.25840293,8.855830493,41.59071985
40,female,6,65.51661014,7.835350807,40.66411662
41,female,6,66.82353745,6.477547102,41.11009418
42,female,6,67.42620968,6.81023071,39.85134023
43,female,6,68.70789869,7.477474972,42.05052101
44,female,6,65.80083012,6.924365688,40.17281195
45,female,6,65.60643257,7.530288298,41.14609029
46,female,6,62.54417275,7.776172217,40.5150406
47,female,6,65.87878967,7.57372948,41.02700397
48,female,6,64.6706699,7.212501658,40.01440076
49,female,6,63.94678275,6.881699693,41.86840859
50,female,6,65.37616878,6.461941552,39.93060289
1,female,7,69.12689771,7.821581684,44.2459303
2,female,7,63.71305272,8.199518188,40.92209839
3,female,7,66.53089728,7.548214884,41.23873914
4,female,7,67.50994711,8.089851474,40.41784204
5,female,7,65.69222637,9.047894294,41.90633149
6,female,7,67.9010253,8.856983833,41.30776743
7,female,7,68.04057386,7.27831144,41.79886446
8,female,7,67.24053491,7.955362697,41.88448778
9,female,7,62.86138325,7.143563085,40.25422348
10,female,7,71.92862466,8.048378726,42.00845301
11,female,7,66.93046134,7.562063959,39.79112388
12,female,7,68.47214791,7.780431926,41.26869933
13,female,7,67.79277968,7.041640501,42.10388438
14,female,7,69.14441182,8.383495645,39.34938913
15,female,7,68.771787,7.545283022,40.61446043
16,female,7,66.92237229,7.310152027,40.65674295
17,female,7,67.98070199,7.550196108,38.83146701
18,female,7,65.5982641,7.649658947,40.87717864
19,female,7,68.84246142,8.663961608,42.64834756
20,female,7,66.47013099,6.878029408,39.55186652
21,female,7,71.65019204,9.198344282,39.89060313
22,female,7,64.32811199,7.097346949,40.66761696
23,female,7,66.46482296,7.713518194,41.03459065
24,female,7,68.78568375,6.262208113,41.21541795
25,female,7,68.21823858,7.174600655,41.30789474
26,female,7,66.23893413,8.075652687,40.7939773
27,female,7,65.50579466,7.928401488,43.69511661
28,female,7,67.56005627,7.866871944,40.60760201
29,female,7,67.27424666,7.296602553,39.63110763
30,female,7,64.07749377,6.401677897,39.37874037
31,female,7,67.36219192,6.902663992,40.88057249
32,female,7,67.64241457,7.450611303,40.50634791
33,female,7,67.61450751,8.004064164,42.25452559
34,female,7,65.40096932,8.144339563,40.89408943
35,female,7,68.1570399,7.403122768,41.18712227
36,female,7,69.78142625,7.501490853,39.3205817
37,female,7,68.12122553,7.49414651,40.83606822
38,female,7,65.25594075,7.637599596,40.80092438
39,female,7,66.51583815,8.599144176,39.55665984
40,female,7,67.92298652,7.127636857,40.09575318
41,female,7,66.13531786,7.466904232,40.13948929
42,female,7,63.4162366,7.65117209,42.0099125
43,female,7,68.89165148,6.730127169,41.71382957
44,female,7,65.8069403,7.001330997,41.86386744
45,female,7,66.26759151,7.730170267,42.64640368
46,female,7,70.0070211,7.877594933,40.74646595
47,female,7,65.90653913,8.341058636,42.4013626
48,female,7,68.82231677,7.297291128,40.80769186
49,female,7,65.03077082,8.545035404,42.37179786
50,female,7,66.66182367,7.038038459,39.72164937
1,female,8,68.56759917,6.862415998,40.93537674
2,female,8,66.59642744,6.63509126,42.60475756
3,female,8,67.55745312,8.617632679,43.42320198
4,female,8,68.6480852,8.098166872,41.55723466
5,female,8,69.90725274,7.815225772,41.2355794
6,female,8,65.72901622,7.709151298,42.28867352
7,female,8,68.07044237,8.931066046,41.46729206
8,female,8,70.06153159,8.680744578,41.61498827
9,female,8,67.73014351,7.247569188,41.87743483
10,female,8,69.10912546,6.995838961,42.79845675
11,female,8,69.58601143,8.605442323,40.42787751
12,female,8,69.18210303,8.264397674,41.11461971
13,female,8,69.87586382,7.56786236,42.26035161
14,female,8,68.47912441,8.157693778,39.24186631
15,female,8,67.95538228,6.584899782,43.02498747
16,female,8,63.94233189,7.467658043,40.88654033
17,female,8,68.53270617,8.182754684,40.45120128
18,female,8,69.47451245,7.852607435,41.78433397
19,female,8,69.66371791,7.066773031,44.05715515
20,female,8,67.70049897,8.559922985,40.86048987
21,female,8,71.90310524,8.65598857,39.95592205
22,female,8,69.21556396,7.288974105,41.45352389
23,female,8,68.92736855,7.779446691,42.88725716
24,female,8,70.9900802,8.374899061,41.29517868
25,female,8,67.4067608,8.461421148,42.25970921
26,female,8,67.88939048,7.55631405,42.87226997
27,female,8,73.01541446,7.328949104,39.71477948
28,female,8,68.72003254,8.124299014,42.26008137
29,female,8,71.64042316,6.654588158,41.03122052
30,female,8,66.11068804,7.282449567,41.53444829
31,female,8,68.35706976,8.402831633,44.06951123
32,female,8,69.38116303,6.792531036,41.87749516
33,female,8,69.24006938,7.119494868,42.49185679
34,female,8,66.88985473,7.743489709,40.51137647
35,female,8,68.73466669,7.703652224,42.0731955
36,female,8,66.76064282,6.759870908,41.46407508
37,female,8,69.98286599,8.231096247,41.34487773
38,female,8,70.65259516,7.236053381,42.21374242
39,female,8,64.69502215,7.797261691,39.94527509
40,female,8,70.92424823,7.772228065,43.12958055
41,female,8,66.46611991,8.352808682,44.11089961
42,female,8,69.51858468,7.857112051,41.11467936
43,female,8,69.88782475,7.812673809,42.17068503
44,female,8,68.34019831,8.975581549,43.85924727
45,female,8,67.53879488,8.141731673,40.62973499
46,female,8,68.99757784,8.305301301,41.65183913
47,female,8,69.48987366,8.208684107,44.1394981
48,female,8,70.28994508,8.271562507,40.58221348
49,female,8,65.00579343,8.768228704,42.6510267
50,female,8,65.75451732,7.862882295,42.12085111
1,female,9,72.67472421,8.357848565,41.6005576
2,female,9,71.98393192,9.480262186,42.39803905
3,female,9,70.88352011,7.855475096,41.6345887
4,female,9,71.38732113,9.039155837,42.83642312
5,female,9,71.75091485,7.805399173,41.43947357
6,female,9,65.31033896,9.311590789,40.06713245
7,female,9,72.09849877,7.766939203,42.89451749
8,female,9,69.22702233,7.67065802,43.24556005
9,female,9,70.5151103,8.873661706,42.12269286
10,female,9,69.56871596,8.827205496,41.0868607
11,female,9,71.66953692,8.558612044,41.46915099
12,female,9,69.47274959,8.377572544,40.55109726
13,female,9,71.03330678,8.357208872,40.47388638
14,female,9,69.39676704,9.535594459,43.2456328
15,female,9,68.13298302,7.268852578,39.73563402
16,female,9,72.27801892,7.558881394,42.61456285
17,female,9,71.43362002,7.36855892,41.57740747
18,female,9,73.20367203,8.824491069,40.54177889
19,female,9,70.21727708,8.040332742,41.74424174
20,female,9,72.12500494,8.115494504,41.79204357
21,female,9,73.6557543,9.359149432,43.32253184
22,female,9,69.59333219,7.823632806,44.63871656
23,female,9,67.718688,9.514816491,44.00519989
24,female,9,69.66916718,7.283863471,43.78969061
25,female,9,69.71472577,9.056593148,43.777475
26,female,9,70.37302491,8.410028652,43.02160894
27,female,9,73.18214896,7.947409662,41.50003194
28,female,9,69.51294099,8.087656013,42.18829022
29,female,9,70.77140838,9.070333534,40.31634521
30,female,9,69.69016868,9.307473817,41.14438406
31,female,9,70.13681128,7.108995916,41.03966203
32,female,9,70.66530379,10.4237115,40.80081157
33,female,9,72.49078645,9.875662725,43.55392148
34,female,9,70.31837308,7.858540807,42.55005276
35,female,9,71.38311618,8.158151762,42.29095776
36,female,9,71.50194805,7.768694219,41.98754071
37,female,9,71.74659189,8.139549292,43.08452882
38,female,9,69.06608981,8.680908635,42.97310155
39,female,9,73.02838619,8.26718583,41.00465195
40,female,9,69.41427787,8.324804549,39.79579321
41,female,9,69.9095885,9.161224942,40.70367812
42,female,9,72.62729048,6.767485489,41.45564177
43,female,9,72.42935103,7.880562019,41.99643277
44,female,9,68.13801463,8.293871226,43.65374641
45,female,9,68.5284722,7.690984586,42.69824627
46,female,9,67.65545769,8.889628056,42.75398914
47,female,9,70.42732495,7.910421333,42.89152613
48,female,9,70.39671356,7.9210329,41.85653166
49,female,9,70.75540644,8.97285767,40.81850852
50,female,9,71.09388389,8.742291147,41.01270242
1,female,10,70.41659288,8.302300139,40.9070463
2,female,10,69.71134254,8.186957864,40.97803241
3,female,10,73.3482131,7.458692561,40.73107196
4,female,10,72.85191034,7.94676502,43.34509363
5,female,10,68.78350023,10.08901865,41.06392071
6,female,10,71.32873459,8.375680241,43.08096092
7,female,10,69.88729392,8.993769729,44.97991792
8,female,10,67.77264807,8.280057776,42.1821693
9,female,10,71.77021624,8.796385793,42.19759156
10,female,10,71.35741892,8.365727574,43.32261128
11,female,10,71.32473532,9.286549271,42.3840417
12,female,10,71.88907458,8.072638279,41.55978345
13,female,10,73.0884373,7.28911089,40.83850782
14,female,10,71.87007551,8.984057294,42.50264306
15,female,10,70.39041548,8.245472883,41.93013445
16,female,10,70.17736135,9.351214927,42.83160421
17,female,10,71.26275497,8.480845873,42.71021522
18,female,10,72.05803058,9.344931548,43.82783124
19,female,10,69.62857537,8.627647524,43.06024072
20,female,10,71.16824404,8.173133438,43.65005242
21,female,10,73.24108107,8.871639095,42.47664185
22,female,10,71.30509584,8.101495021,43.29751057
23,female,10,70.2428428,9.4950935,42.12795374
24,female,10,71.0032987,8.495279611,42.2309994
25,female,10,73.50636738,7.08059289,42.48214904
26,female,10,72.49007913,8.093089448,41.17871002
27,female,10,73.72601644,7.338958248,41.07385707
28,female,10,71.75037614,6.984069051,42.08027265
29,female,10,72.23849517,8.438485623,40.8581899
30,female,10,70.49477756,8.821109414,42.50525085
31,female,10,72.5896672,7.905072522,43.27814826
32,female,10,70.58859962,7.536252488,41.42930926
33,female,10,68.94298209,8.008680014,42.45718796
34,female,10,71.73038734,7.392158573,40.70491948
35,female,10,75.00253219,8.856951167,43.4283633
36,female,10,72.94164581,8.773426953,42.00710805
37,female,10,73.5974561,7.363060519,44.08357047
38,female,10,72.1459403,7.99435524,42.44599038
39,female,10,70.40459708,9.080690436,44.44584572
40,female,10,71.13596646,8.290761497,42.76837536
41,female,10,71.00815341,8.40618533,42.19136864
42,female,10,70.6563404,8.671206146,43.51327149
43,female,10,72.76750111,8.807442228,42.98294425
44,female,10,69.3447457,9.18405804,41.78892803
45,female,10,73.05945904,8.90216749,43.17247503
46,female,10,73.05547448,7.504581408,43.09396108
47,female,10,69.34247975,8.164422499,42.81020944
48,female,10,72.6510856,8.596494022,42.00789006
49,female,10,75.87440797,8.329098081,42.34475074
50,female,10,70.49701213,6.983542567,43.36674909
1,female,11,74.32082763,8.107225429,43.93715623
2,female,11,71.39203668,9.259458248,43.02768037
3,female,11,74.79928055,8.702730655,41.81243766
4,female,11,73.2496845,7.642835716,43.52919418
5,female,11,75.7734477,8.740352034,42.86488269
6,female,11,70.17385269,8.496840142,43.95110879
7,female,11,72.7076638,9.036705018,40.93843134
8,female,11,71.85153468,9.969263091,41.88142383
9,female,11,72.44492324,7.614664915,43.28592209
10,female,11,71.66675826,8.271708711,41.21177152
11,female,11,71.29908156,8.509804089,45.72356029
12,female,11,73.84170027,7.21146675,41.76302324
13,female,11,70.84235471,8.579707003,43.19193178
14,female,11,75.47125568,8.214440125,40.79922832
15,female,11,70.66482815,10.0531418,45.12555659
16,female,11,72.98194247,6.703315461,43.49839697
17,female,11,73.75938072,9.567343759,42.13470219
18,female,11,73.85612361,9.255216034,42.98724489
19,female,11,72.25685601,9.077809559,41.91847512
20,female,11,72.94310359,8.695427795,40.80860663
21,female,11,74.53027547,8.137979808,41.50159532
22,female,11,70.17836135,9.318660411,41.69743878
23,female,11,71.39286852,8.024264408,43.95547939
24,female,11,73.37672417,9.051595182,43.21282967
25,female,11,71.99939244,8.86171547,42.29257286
26,female,11,75.26600719,9.299554828,42.41811635
27,female,11,74.01185695,8.21224482,43.87949201
28,female,11,72.92990015,8.222358042,41.59537642
29,female,11,70.08603683,8.796349766,43.35934363
30,female,11,72.84698041,8.798695351,41.67219805
31,female,11,72.23045144,9.49309893,43.48831918
32,female,11,72.61577628,8.915509628,44.08263429
33,female,11,70.67319339,8.694146026,42.21888618
34,female,11,73.69758448,9.147702899,43.20251266
35,female,11,70.92987841,8.24665492,40.27388742
36,female,11,72.39280043,9.310431733,43.05622987
37,female,11,73.48656649,7.935347957,43.04583947
38,female,11,71.38967158,8.819795791,43.16819672
39,female,11,73.84938453,7.490550254,44.03796755
40,female,11,70.43028128,8.760192018,41.65108133
41,female,11,67.74240558,7.580823965,44.23931317
42,female,11,73.63694238,8.449534786,41.6432554
43,female,11,74.31297169,7.457653957,40.90153898
44,female,11,72.28547824,8.184247111,45.1265035
45,female,11,73.70742726,8.095491509,43.59808208
46,female,11,70.71935025,8.960603524,43.5398224
47,female,11,72.57113251,8.221620615,43.39433865
48,female,11,69.30526692,8.100413184,42.47041718
49,female,11,74.9261256,9.393985197,43.80954559
50,female,11,76.14783955,9.684960766,44.27956447
1,female,12,75.93322207,9.51076225,41.28214204
2,female,12,73.95077546,7.830692372,41.742671
3,female,12,73.94000538,9.629824504,42.20514375
4,female,12,71.27107828,8.001450579,43.5784148
5,female,12,75.42269362,8.753231836,40.42144205
6,female,12,73.62067847,9.277397832,42.82682757
7,female,12,72.81786273,8.660973398,41.40406411
8,female,12,71.45835357,8.702244678,42.62028913
9,female,12,73.46042751,8.881498577,41.23231048
10,female,12,72.47168996,9.078107714,44.28749726
11,female,12,73.28534506,9.067377941,42.69636139
12,female,12,71.80832002,7.677865185,42.78582355
13,female,12,77.03766107,8.685828648,44.64130471
14,female,12,73.97119545,8.98644504,42.04870361
15,female,12,75.93490114,9.183981008,41.29878333
16,female,12,69.31694059,8.593715815,42.31869877
17,female,12,73.18424391,8.343276434,42.28200589
18,female,12,72.78413188,7.911067929,43.38539228
19,female,12,71.79873288,8.326275288,42.65263994
20,female,12,76.78389648,8.721008798,41.44768756
21,female,12,71.45249254,8.387116068,42.79762194
22,female,12,74.57310247,9.186556747,43.65620124
23,female,12,75.52358531,9.0388758,41.52223789
24,female,12,74.32074234,7.754320017,44.10107267
25,female,12,72.42454014,9.006265699,43.77828309
26,female,12,75.69409845,9.152108028,44.65052868
27,female,12,74.30705855,8.630137457,42.63935519
28,female,12,72.08570377,8.782777755,43.4648693
29,female,12,71.50151171,8.5190451,42.03948817
30,female,12,77.75609138,8.609298617,42.71773532
31,female,12,72.77869434,8.145423919,41.84074072
32,female,12,70.65997102,9.07638494,44.18302739
33,female,12,74.95986685,8.003869215,41.40691402
34,female,12,74.55841446,8.416197974,43.67615649
35,female,12,71.5630982,8.206135255,42.24798977
36,female,12,70.50267846,8.233903486,41.84726501
37,female,12,73.79065547,8.560438834,44.60700944
38,female,12,76.05091333,8.484585865,43.11765405
39,female,12,75.14502326,8.345024779,43.36664141
40,female,12,73.11271264,8.635267967,43.2139602
41,female,12,72.49846118,7.769816555,43.7178367
42,female,12,74.48792016,8.872174939,44.62241022
43,female,12,74.28323602,9.210700003,43.06822902
44,female,12,75.13348114,7.96598585,44.34300231
45,female,12,73.28756369,7.881484596,40.41787926
46,female,12,75.6188373,10.25079812,43.69312719
47,female,12,72.50453925,8.955679707,43.46513302
48,female,12,73.40501954,8.834575402,43.19897632
49,female,12,75.33346614,8.670970154,43.13980938
50,female,12,75.7819489,9.120221045,42.49661207
1,female,13,71.71069154,9.02420669,42.61461633
2,female,13,75.39294273,8.645157231,44.5052123
3,female,13,76.29580222,8.718890556,43.09467755
4,female,13,72.58851624,8.776084941,44.59962889
5,female,13,76.06512608,8.792214893,42.87436733
6,female,13,73.70928631,8.511395732,42.1851707
7,female,13,77.03645542,9.69816599,44.89121835
8,female,13,76.16926766,9.060984401,43.19166086
9,female,13,76.58429413,8.497506561,44.63900881
10,female,13,75.41729479,9.384311678,41.94479617
11,female,13,76.75456718,9.227648511,43.69370984
12,female,13,77.68492615,8.910573272,42.95272994
13,female,13,78.73924643,9.260573214,45.44945726
14,female,13,75.1488889,8.410853653,44.73845899
15,female,13,71.15170804,8.870753836,43.91631333
16,female,13,75.25674681,8.350549442,42.74239821
17,female,13,75.57001018,8.230523218,44.38185087
18,female,13,74.92037838,8.784590877,44.09386654
19,female,13,76.22291952,9.109216121,41.70857934
20,female,13,77.01922034,8.406546405,44.60676832
21,female,13,74.26763163,8.886212217,44.2427065
22,female,13,74.67062841,7.810210021,43.09367272
23,female,13,75.91611598,8.709620786,45.8431796
24,female,13,74.20959727,9.760933729,44.34813332
25,female,13,75.36428129,8.251579667,42.73467717
26,female,13,71.66892632,8.224594187,44.32425488
27,female,13,73.1841805,8.857090052,43.75022827
28,female,13,72.81004014,9.347535976,43.10755985
29,female,13,73.66347735,9.803470958,39.71163573
30,female,13,73.95205185,10.72493147,42.82524794
31,female,13,75.88814926,9.520580605,43.32671866
32,female,13,76.9678034,9.436444792,44.09573451
33,female,13,73.89070965,10.31815068,43.68789515
34,female,13,73.40568983,8.804399202,43.54942035
35,female,13,73.32496005,8.861322886,44.96453157
36,female,13,74.45374029,9.164625597,43.24181949
37,female,13,74.76974768,8.076942771,42.13875093
38,female,13,76.07051156,7.806966174,42.74611992
39,female,13,74.62161528,10.17441309,43.09730419
40,female,13,71.45871932,8.626252767,42.66784647
41,female,13,75.0354183,8.702377443,41.24892125
42,female,13,77.33693626,8.354578752,43.95500365
43,female,13,77.34488228,9.093647188,44.17068492
44,female,13,73.77986621,9.38424134,42.49022684
45,female,13,72.41400222,8.851402695,43.77984618
46,female,13,79.62450889,9.009558051,42.95276083
47,female,13,74.9076405,9.618405395,42.97507456
48,female,13,75.02458775,8.99300075,43.96453061
49,female,13,75.95703354,8.635126743,43.7599264
50,female,13,72.29472898,8.960603447,42.65799526
1,female,14,75.0892056,8.652487875,42.79491678
2,female,14,73.62720367,9.266227254,44.19764432
3,female,14,75.15242969,8.61634824,42.501023
4,female,14,76.61392898,10.10605154,42.82528405
5,female,14,73.94352298,7.583759462,45.12142316
6,female,14,77.46196882,9.460841188,43.77633462
7,female,14,76.92081925,8.882782305,43.11183225
8,female,14,74.77241295,10.49164673,42.3043195
9,female,14,76.8073849,9.04759877,44.38904145
10,female,14,77.74654609,9.513194284,42.99082527
11,female,14,78.30997146,9.45148108,43.70656974
12,female,14,76.0168731,9.360987066,44.90913671
13,female,14,76.23145377,9.536777893,43.35853285
14,female,14,76.24391456,10.49831893,44.73426418
15,female,14,78.99463116,9.802880735,42.33929545
16,female,14,78.42512941,9.327675697,41.66080197
17,female,14,77.90192282,10.36367304,43.95997497
18,female,14,75.88278656,9.579078537,44.90941622
19,female,14,77.07183458,9.622716839,43.02101676
20,female,14,77.1259226,10.0092696,43.31935261
21,female,14,74.52498807,9.304719307,44.61872089
22,female,14,73.28905187,9.671568949,43.09992786
23,female,14,77.55529405,9.021587858,42.36775633
24,female,14,73.64724104,9.281143443,42.69165866
25,female,14,76.40303064,9.225767708,43.409707
26,female,14,76.85044608,8.784173526,41.89630184
27,female,14,77.4149613,10.52252459,44.48962835
28,female,14,76.74096723,8.83671656,44.23139351
29,female,14,75.08086315,8.968743383,44.52689373
30,female,14,78.17545855,10.0608713,45.30009309
31,female,14,79.52954078,9.186595551,44.68621241
32,female,14,77.98612186,9.959282178,45.19279878
33,female,14,72.90142838,8.805217871,43.21472116
34,female,14,78.91923713,9.191652921,44.87651499
35,female,14,76.2990993,9.036891029,42.11487545
36,female,14,77.3448457,8.570076134,44.27484037
37,female,14,77.51965982,9.00284723,45.42373406
38,female,14,76.22596507,8.774076359,45.86316197
39,female,14,76.26452624,9.757340761,43.92005156
40,female,14,78.23448272,9.010860671,44.44096245
41,female,14,77.68088346,9.146192217,42.4135191
42,female,14,78.18247204,8.66190095,41.91286398
43,female,14,80.68926805,9.339879354,43.58642506
44,female,14,77.59594855,8.152241368,43.92219088
45,female,14,76.77328608,7.28258334,43.45430389
46,female,14,72.4208604,10.42206912,42.71737117
47,female,14,81.24508521,9.692220103,42.25556309
48,female,14,75.53118172,9.612573612,44.63536861
49,female,14,80.67452249,7.746269627,44.7065779
50,female,14,77.07435842,9.640133926,43.42494827
1,female,15,80.26917436,9.737879276,45.64920416
2,female,15,77.30252142,9.349524223,43.81685531
3,female,15,78.42064736,9.936275196,44.87483067
4,female,15,77.88512436,10.12836987,43.06145609
5,female,15,77.16498274,9.320593661,44.46634274
6,female,15,77.28329112,10.6644691,44.52616783
7,female,15,79.3231018,10.04243575,44.11864721
8,female,15,77.13737534,10.1958505,45.00004648
9,female,15,73.83217151,9.19517355,43.65325784
10,female,15,77.14739935,9.314770144,41.59331386
11,female,15,78.47162309,8.800319475,43.42959123
12,female,15,78.60962029,9.664789906,44.63519551
13,female,15,78.60982207,9.571607432,41.73848493
14,female,15,74.45421726,9.45933431,41.91337482
15,female,15,78.1637357,8.957553171,43.82507387
16,female,15,79.24214658,9.249219828,43.93268072
17,female,15,79.79784163,10.69032266,45.14095624
18,female,15,77.09506971,8.796046418,43.7323891
19,female,15,76.92059334,9.136041349,44.35876446
20,female,15,80.1781081,8.48776884,44.10061169
21,female,15,74.49772952,8.593526106,44.61894867
22,female,15,76.71370604,9.213602619,44.80776812
23,female,15,78.32343174,9.145663254,42.33292668
24,female,15,74.58800722,8.999013983,43.04815498
25,female,15,78.00333015,8.897001199,44.81053769
26,female,15,80.88015524,9.2721925,41.41630901
27,female,15,77.49269082,10.13711335,40.97424884
28,female,15,76.99878276,9.167429229,43.94983596
29,female,15,78.35484109,8.565917489,43.8368907
30,female,15,76.99767009,8.705116327,43.41783346
31,female,15,78.96412067,8.097174028,44.7331128
32,female,15,79.12798384,8.288164391,45.11148965
33,female,15,77.50484499,8.914176881,44.8928927
34,female,15,75.38195412,8.76532995,43.6057307
35,female,15,75.12720269,8.653133028,43.77017152
36,female,15,76.43260474,10.69300837,44.13545971
37,female,15,78.9352849,10.5382352,41.46117035
38,female,15,73.97523069,11.06686605,42.69540103
39,female,15,74.10461471,9.904722336,44.67654944
40,female,15,76.32319632,9.295188446,44.07183152
41,female,15,78.20991073,8.721880549,42.36705829
42,female,15,75.85558111,8.68450193,45.21787635
43,female,15,79.09614827,9.077031934,44.33875869
44,female,15,78.10006595,10.2323386,43.1374112
45,female,15,77.19284869,9.833205866,43.81242123
46,female,15,78.97389065,9.978175128,43.87351491
47,female,15,78.19905729,9.278371072,43.4723438
48,female,15,76.69731695,8.390136377,43.59888344
49,female,15,77.91600688,9.612161737,43.63688081
50,female,15,78.66552404,9.260502218,44.52610281
1,female,16,79.24131002,9.3024271,45.09961988
2,female,16,77.41558163,10.9197126,44.60732041
3,female,16,80.13936397,10.06529933,45.92047348
4,female,16,80.67528521,9.351535968,44.68253242
5,female,16,79.0972942,8.262759827,44.35488614
6,female,16,78.85938839,9.313683044,44.92448991
7,female,16,78.46387485,10.1437528,43.85071728
8,female,16,82.49054852,9.742333645,44.8055367
9,female,16,79.09736796,9.676869789,46.20568929
10,female,16,78.31507075,10.17931087,43.77110253
11,female,16,74.08574796,9.390143508,45.13791377
12,female,16,75.78249282,9.275228684,44.0273209
13,female,16,78.46018824,9.334922013,43.17731728
14,female,16,78.97132928,9.977433403,45.24705932
15,female,16,79.09837043,9.324923715,44.50508016
16,female,16,80.0787122,9.994195743,43.65150859
17,female,16,78.25052566,8.701680647,45.93775104
18,female,16,80.78625983,8.673807736,41.95775996
19,female,16,76.94127112,9.582799345,43.9308591
20,female,16,76.4248031,9.994249053,43.77073238
21,female,16,76.38782488,9.235025605,43.8560819
22,female,16,79.93613464,9.124676126,44.13334433
23,female,16,78.4507441,7.654405492,46.04790998
24,female,16,80.02167226,9.743308568,41.71695325
25,female,16,78.11812844,8.913144264,45.14092082
26,female,16,77.53459422,9.761673689,43.16362523
27,female,16,77.93696536,10.42768762,45.03638885
28,female,16,75.26528972,9.17765262,43.5078503
29,female,16,76.49469253,9.952871498,44.94787897
30,female,16,76.00433764,9.400845247,43.75588294
31,female,16,80.49778009,9.739593013,43.32850308
32,female,16,77.52480584,8.7487304,42.64894941
33,female,16,80.02102774,9.771585337,42.90263519
34,female,16,81.32968308,10.348225,43.60082691
35,female,16,78.25480534,10.66786271,43.9556158
36,female,16,79.11098203,8.728202574,44.56576481
37,female,16,75.44807847,9.846895255,43.91612472
38,female,16,77.1263944,9.169784289,45.35566308
39,female,16,78.70118673,9.839768408,42.63614667
40,female,16,79.13835643,9.383998489,44.61036287
41,female,16,77.23308339,9.338778377,45.0083335
42,female,16,83.4327462,9.943364673,44.56129166
43,female,16,77.77489775,9.985030992,43.85805915
44,female,16,78.7156384,9.681400075,43.44409312
45,female,16,79.76962536,9.801632098,42.44942798
46,female,16,78.55316646,9.745999268,42.30197543
47,female,16,77.4415787,9.680943101,44.76848225
48,female,16,80.4815502,9.559299604,43.65006132
49,female,16,81.50798158,10.09514665,42.3342758
50,female,16,78.54655085,9.96143454,44.56691732
1,female,17,80.71208122,10.21605635,45.06856748
2,female,17,79.5246575,10.41952952,41.83389651
3,female,17,81.52961939,10.05706927,46.22204066
4,female,17,77.61889869,9.600551086,45.55859405
5,female,17,83.8775484,8.991844225,42.8071144
6,female,17,78.61364375,9.382778905,43.31535688
7,female,17,77.07407105,9.134529304,44.42918443
8,female,17,79.06834791,9.505969418,44.60085315
9,female,17,79.96407527,9.358558528,42.89041347
10,female,17,82.62251817,9.57215422,43.49918452
11,female,17,81.34017742,9.034465053,47.59211349
12,female,17,79.95642518,9.295503624,45.23124799
13,female,17,77.19892966,9.931131652,45.72959179
14,female,17,78.14113206,9.83884387,43.32723268
15,female,17,79.40608712,9.437354707,43.861604
16,female,17,84.295447,10.35833452,42.71348437
17,female,17,76.35159037,8.633265863,44.59868101
18,female,17,81.73589837,10.0137931,44.14472613
19,female,17,78.75097834,10.72038987,46.74300139
20,female,17,82.69878362,9.434898957,43.85002034
21,female,17,77.64943885,9.951930197,44.21177481
22,female,17,79.95852182,9.337112798,43.16469563
23,female,17,77.7208083,9.685690226,44.4533761
24,female,17,81.32632957,10.23014225,43.33776395
25,female,17,82.37080308,9.105890587,43.05770575
26,female,17,83.21129781,9.339366481,44.08538578
27,female,17,81.13568118,10.04594518,43.20636713
28,female,17,83.01787926,9.970211298,43.2512619
29,female,17,81.94356304,10.22445847,44.76074049
30,female,17,79.46262516,10.51428633,45.39776796
31,female,17,80.55866703,10.20040428,45.15588185
32,female,17,77.95041042,8.999538805,44.19430942
33,female,17,79.3666361,9.799957888,44.30014459
34,female,17,81.89773468,9.440593177,43.36669976
35,female,17,80.67431146,9.696192626,44.5246617
36,female,17,80.5232432,10.29628553,45.29857504
37,female,17,77.83136413,9.879501039,43.13091962
38,female,17,78.61187619,9.800872434,45.29917093
39,female,17,78.32370918,9.621925415,43.48533354
40,female,17,80.41153257,9.958062028,44.67322287
41,female,17,77.91708627,8.933893627,42.67271387
42,female,17,80.7116745,9.425993784,44.38826066
43,female,17,77.69045046,10.75077442,45.64177161
44,female,17,82.99135482,10.10047985,44.11392886
45,female,17,80.52906443,9.074833883,42.45896019
46,female,17,78.4381935,8.901438171,45.99450308
47,female,17,80.13388268,9.076435335,43.2958871
48,female,17,79.06558424,10.07710196,43.12144632
49,female,17,80.36806633,9.981553327,43.52294514
50,female,17,80.13835889,9.330421503,43.10487916
1,female,18,78.87459449,9.660355178,44.61695718
2,female,18,79.27563502,10.53584825,44.76648621
3,female,18,81.23926863,9.700402154,44.00278518
4,female,18,83.65029344,9.862033968,45.30455756
5,female,18,82.65231062,10.12914694,44.89037294
6,female,18,79.57577855,9.78148704,42.99294496
7,female,18,82.18666122,9.422232837,45.1255795
8,female,18,80.61257697,9.631588171,42.97110393
9,female,18,81.24236457,9.197349717,44.30784273
10,female,18,81.16865068,10.2050532,44.09917808
11,female,18,85.33580957,10.76582608,43.52125039
12,female,18,78.56648014,10.05877071,45.63881785
13,female,18,80.88165575,10.428274,44.42838353
14,female,18,77.49604088,9.476762234,44.97042381
15,female,18,81.76170466,9.808799295,44.3502852
16,female,18,82.67389525,9.811527098,43.42726402
17,female,18,83.30219203,8.970083594,45.0393143
18,female,18,77.23473855,9.957780413,43.52346123
19,female,18,81.44298509,10.21150422,45.33450604
20,female,18,83.56806591,10.3442142,47.05877767
21,female,18,79.95477145,10.75517513,44.77748734
22,female,18,80.31812904,8.942777866,45.14222224
23,female,18,80.634233,10.30147345,44.88093502
24,female,18,81.35703375,10.36609815,45.77604504
25,female,18,81.89728778,9.763483225,43.02589931
26,female,18,83.07207759,10.29159857,43.3477545
27,female,18,80.52812234,8.980553891,44.48131182
28,female,18,81.05330048,10.03935654,44.334292
29,female,18,85.17839618,7.866092676,43.13404552
30,female,18,81.47597807,10.1028379,42.47082301
31,female,18,81.0397556,10.94101625,43.88120426
32,female,18,78.28396237,10.90229157,46.20969292
33,female,18,80.70514089,8.171214903,46.86857999
34,female,18,80.30161292,10.24776745,45.31872588
35,female,18,80.68011751,9.672681354,42.61764004
36,female,18,79.66424825,9.883744762,45.22457643
37,female,18,79.46373183,8.459513254,43.80579802
38,female,18,79.40260746,10.15027633,44.54080275
39,female,18,80.31389187,9.557631553,45.14526084
40,female,18,83.16263877,10.14302817,46.22592606
41,female,18,82.58835593,9.77570817,44.54782306
42,female,18,80.05204479,9.233465589,43.6262366
43,female,18,77.66535038,10.11657762,45.2414367
44,female,18,79.17974983,10.2867949,45.3017402
45,female,18,79.87603104,9.935307537,45.39422804
46,female,18,80.88654841,10.26861603,45.65817019
47,female,18,79.5073069,9.598393091,44.71762896
48,female,18,84.31202524,10.73512053,43.36240977
49,female,18,80.20991844,9.667318017,44.54654009
50,female,18,78.51489995,9.523226272,42.46164935
1,female,19,81.44572884,10.67703531,45.8658851
2,female,19,79.89032035,10.72467342,45.15623395
3,female,19,81.98108027,10.44242616,45.37296542
4,female,19,82.12054051,10.14332933,44.77719708
5,female,19,82.3400577,11.03667589,41.96965361
6,female,19,78.78065513,9.343083419,43.92934473
7,female,19,82.09728032,10.7395505,45.63875593
8,female,19,82.25881014,11.11435599,44.2989362
9,female,19,79.14200479,10.03549622,45.52073941
10,female,19,83.41965815,10.3807193,43.56861361
11,female,19,83.11150758,10.39630643,44.8839329
12,female,19,85.83931485,10.77582831,43.99717062
13,female,19,81.98206538,9.441773223,43.8859291
14,female,19,81.78412035,10.58220903,44.3955809
15,female,19,81.8738545,8.889184407,46.48623734
16,female,19,81.82557922,11.3499873,44.78943668
17,female,19,78.372749,9.628629156,44.84468231
18,female,19,78.69197129,9.794475872,46.3510252
19,female,19,81.56042986,10.16827536,44.2835356
20,female,19,80.65407871,9.187297161,45.16949778
21,female,19,81.79852575,9.829118352,43.80460006
22,female,19,77.89982493,10.03996684,45.53319113
23,female,19,79.00234314,9.779021133,43.11832067
24,female,19,79.71732981,11.31709114,44.53859133
25,female,19,83.4749048,8.838605577,45.84048978
26,female,19,79.72271799,9.93149753,46.07228347
27,female,19,80.26087488,10.76625074,44.5048816
28,female,19,81.84377287,9.456492877,41.971282
29,female,19,81.11905655,9.909681771,46.40977376
30,female,19,81.96355092,11.26313518,43.91520413
31,female,19,85.84911157,8.786225362,45.38999487
32,female,19,79.67571339,9.477661388,42.73369287
33,female,19,81.15015465,9.221034434,44.10923063
34,female,19,80.76983299,10.4091889,46.39416681
35,female,19,84.42231177,9.43701646,44.97722982
36,female,19,80.31492714,10.30407364,44.97790975
37,female,19,81.55224357,9.580225852,45.58778267
38,female,19,83.11684051,9.900858386,43.098793
39,female,19,79.79453704,10.55653967,44.63495456
40,female,19,84.67931647,10.08905244,45.12236209
41,female,19,82.91637235,8.738541455,45.84612354
42,female,19,79.7664281,9.651673146,43.70966134
43,female,19,82.51824006,10.46383681,44.85766392
44,female,19,81.31604714,11.20909641,45.33287941
45,female,19,82.26381179,9.275363006,48.6872928
46,female,19,81.53804465,9.851396327,46.34885462
47,female,19,83.62692887,9.946966578,41.9923547
48,female,19,79.26801931,9.523831783,44.61895015
49,female,19,80.75928995,9.101288665,44.81019028
50,female,19,81.25145678,11.19521779,45.49997844
1,female,20,80.9075623,11.1609174,44.03084908
2,female,20,80.82808092,9.285588634,45.89609668
3,female,20,82.66763557,8.975418114,44.03798011
4,female,20,82.46208476,10.01971195,44.68616865
5,female,20,78.11118301,10.47977807,45.46425267
6,female,20,84.57303222,10.11628867,44.13115052
7,female,20,83.14950632,10.93402199,44.89335273
8,female,20,87.04917327,10.03975648,46.53578922
9,female,20,83.93335683,9.44239392,44.28998088
10,female,20,81.89547324,11.18792349,43.52562029
11,female,20,87.73530406,10.04788262,45.59605421
12,female,20,87.79800684,10.01541717,43.93700527
13,female,20,80.50631873,10.02894712,44.50475997
14,female,20,83.54425752,10.2364028,45.35857919
15,female,20,82.31975555,8.692869772,45.3074641
16,female,20,83.03669206,10.64414314,46.09739454
17,female,20,83.10957691,10.66880073,44.05266403
18,female,20,80.42857917,10.60900937,44.44952727
19,female,20,83.21406124,9.932768347,44.07617878
20,female,20,85.84864525,10.26455048,44.62112242
21,female,20,82.40463799,9.267306763,46.98828403
22,female,20,82.40673192,10.43385723,44.73284286
23,female,20,85.21742961,9.668914018,44.76940902
24,female,20,84.31711323,11.0559804,45.36267848
25,female,20,79.73270933,9.598214681,43.46157128
26,female,20,83.11140255,8.861594501,45.84896113
27,female,20,85.67638502,10.31222847,44.73579955
28,female,20,85.24749743,9.140138514,44.02455921
29,female,20,83.45591289,9.596899698,45.2117474
30,female,20,83.99819745,10.72262099,44.59851595
31,female,20,80.54551662,11.41701564,44.63322375
32,female,20,83.24023682,10.02925924,44.6736379
33,female,20,80.98199192,10.83157334,46.50192574
34,female,20,81.87556748,9.30471349,44.19179915
35,female,20,84.38408663,11.32482585,45.84968564
36,female,20,80.6535924,10.19669333,44.98086212
37,female,20,83.18045285,9.693077842,44.49450205
38,female,20,83.47099767,10.45840355,44.09113842
39,female,20,82.79884155,9.673988191,44.39618339
40,female,20,85.97993988,10.23270997,44.49649534
41,female,20,80.85977481,10.26615183,45.99968365
42,female,20,83.79103447,10.9599303,43.94048979
43,female,20,82.53992498,9.831715789,46.60765611
44,female,20,82.23050196,9.956028813,44.61213625
45,female,20,83.53536422,10.2805958,44.0809939
46,female,20,80.86327894,10.78329341,44.02129952
47,female,20,80.33578835,11.43213805,45.00691603
48,female,20,81.80993442,11.2284212,46.72283828
49,female,20,85.85316287,10.82416598,44.55331308
50,female,20,82.80037659,8.962999965,44.6947129
1,female,21,84.29658192,10.91576109,45.12557965
2,female,21,83.35827605,10.78972324,44.96975287
3,female,21,84.54688692,9.846431867,44.08416913
4,female,21,81.98697682,9.932795363,45.98712032
5,female,21,85.78423884,9.410052276,43.54642334
6,female,21,84.75246947,10.29184447,43.8219116
7,female,21,82.24838492,10.35890951,44.44302553
8,female,21,83.79819584,9.160192201,44.59371497
9,female,21,84.98939692,9.272130539,46.05950928
10,female,21,84.70391577,10.4134153,44.21463515
11,female,21,86.36748123,9.63252544,44.703989
12,female,21,82.59662204,10.10550939,44.53437572
13,female,21,85.70904591,10.95501585,46.66427221
14,female,21,85.56578642,10.02315772,46.49370361
15,female,21,83.40753036,10.3825918,43.73576038
16,female,21,81.94333195,10.70025117,45.38016577
17,female,21,81.73953866,9.568972488,43.47307838
18,female,21,84.52401652,11.10774006,43.98801923
19,female,21,83.57197188,10.89605998,44.26022763
20,female,21,86.9023848,11.12742744,43.96796801
21,female,21,84.66324833,10.02296928,45.15145262
22,female,21,83.03049922,9.348192267,44.55549577
23,female,21,81.85402395,10.63225592,45.23682234
24,female,21,82.65167699,10.70204596,46.25260131
25,female,21,84.31719911,11.95123961,46.18821322
26,female,21,82.88831764,11.4176704,42.62158249
27,female,21,84.62561422,9.997826203,44.62014712
28,female,21,83.09819151,9.645594761,45.42403619
29,female,21,83.50999216,10.70364283,46.1813195
30,female,21,82.38508259,11.59560762,44.27243301
31,female,21,87.12907845,9.530962922,45.04061072
32,female,21,84.29871912,9.792673954,46.69526449
33,female,21,84.11514055,11.43600174,45.11889326
34,female,21,80.65464765,11.49417154,46.96349337
35,female,21,84.88762542,10.42646167,42.46156935
36,female,21,81.85747754,9.246850315,47.13726558
37,female,21,82.09526117,9.947329157,42.28751524
38,female,21,85.35301411,11.05882225,46.14639098
39,female,21,82.88513884,11.69992682,46.06954548
40,female,21,80.5529299,10.28968025,44.48210199
41,female,21,86.8858274,9.889560663,44.53589935
42,female,21,79.42066753,10.49843676,45.29110289
43,female,21,84.73106075,10.39417109,45.08687746
44,female,21,85.53104865,9.708932051,45.16316245
45,female,21,82.56425784,10.68472471,46.34540722
46,female,21,84.49971669,11.2037888,45.15220247
47,female,21,84.4904347,10.30852828,42.62931909
48,female,21,85.57312168,10.70673763,45.35790161
49,female,21,84.5713789,10.46385527,44.54499634
50,female,21,83.2592092,10.60001796,45.82720488
1,female,22,86.2487857,10.36114499,44.1375676
2,female,22,86.04112024,11.27861944,44.82437276
3,female,22,82.91417574,10.65067204,43.40832791
4,female,22,82.07858262,10.17315306,43.46811281
5,female,22,84.88849957,10.90979713,43.18078806
6,female,22,84.10686773,11.12224339,45.12665925
7,female,22,82.8260296,10.45158614,42.08422473
8,female,22,84.75107522,8.759193133,46.47995956
9,female,22,82.22400625,11.56350685,44.38431668
10,female,22,84.89020743,10.01209014,45.11613673
11,female,22,83.4751289,10.27305646,46.4179117
12,female,22,86.32289569,11.55210998,45.43134096
13,female,22,88.96408045,9.266274072,45.56385766
14,female,22,82.95123736,9.780746166,44.39972878
15,female,22,86.50379551,10.01285704,43.67631577
16,female,22,86.08526951,9.646627109,45.80573058
17,female,22,84.4736504,11.21713741,44.87669364
18,female,22,83.78343653,11.32192249,45.09995767
19,female,22,87.43555387,10.82556949,44.19294589
20,female,22,80.99017593,10.21438621,44.48761966
21,female,22,83.44224938,10.22460802,42.57942975
22,female,22,82.0136818,10.1307525,43.28239325
23,female,22,87.11156419,10.15894086,43.37162423
24,female,22,84.25673382,10.81383664,44.90166436
25,female,22,83.65559184,11.09102119,43.92696037
26,female,22,90.33128005,10.2032245,45.52799959
27,female,22,84.50993292,10.70734376,45.13875696
28,female,22,83.80125124,8.949234712,44.55170003
29,female,22,85.13975745,10.54929403,43.33402511
30,female,22,81.77683568,9.929012793,44.36197436
31,female,22,85.48254476,11.21404657,46.08199849
32,female,22,84.42690624,11.27078586,45.62447939
33,female,22,85.44334522,9.072278002,44.75694582
34,female,22,82.83173286,11.09950639,42.63120525
35,female,22,82.75862908,10.13227654,44.56517919
36,female,22,83.35185361,10.39343834,41.88327975
37,female,22,83.21761877,11.08402554,47.05122695
38,female,22,86.93828994,10.94795876,45.13708368
39,female,22,87.44246201,9.967634891,46.48717255
40,female,22,84.31759448,10.70804339,44.90864302
41,female,22,83.95391419,10.1964011,47.38310409
42,female,22,84.00773011,11.31370597,44.11149398
43,female,22,84.72462566,9.478542819,46.02178935
44,female,22,84.77442762,11.03284039,45.087962
45,female,22,85.1220619,11.40421246,45.8998429
46,female,22,83.25597791,8.803808744,43.64224561
47,female,22,83.0755865,10.92103529,47.56197955
48,female,22,86.75473979,10.26406327,45.4326799
49,female,22,83.61247075,10.57164414,44.55361573
50,female,22,85.14548225,10.3244518,43.79515249
1,female,23,85.49745304,11.04986325,43.5221242
2,female,23,83.87587109,11.2033822,43.20202919
3,female,23,86.66391144,10.98553457,43.31070608
4,female,23,85.91158877,10.5309097,45.24368325
5,female,23,88.11961004,10.32431607,46.43371212
6,female,23,85.81142725,10.50879606,45.58930723
7,female,23,85.00321764,10.45226075,43.07469553
8,female,23,86.10093084,10.73329026,45.29432855
9,female,23,83.46593503,10.06401293,46.85007474
10,female,23,84.0953907,10.97997738,46.31615672
11,female,23,86.51849185,9.951105867,47.22830026
12,female,23,85.00038238,9.635217021,45.66154071
13,female,23,85.4812703,10.76755536,41.58168657
14,female,23,85.39260092,10.8699385,45.90662137
15,female,23,84.42907729,11.26652272,45.434403
16,female,23,81.96636041,11.07194944,43.30988236
17,female,23,86.22790295,10.74286179,45.05540254
18,female,23,86.97095111,11.04953975,44.46093258
19,female,23,83.28031078,9.962676472,44.71218862
20,female,23,88.26832489,9.858603692,45.71839784
21,female,23,86.29327868,9.809932802,44.54894972
22,female,23,88.01495253,10.62907355,44.48289252
23,female,23,83.87709315,11.02995574,43.59755976
24,female,23,85.90020632,11.18915496,45.38951306
25,female,23,85.41997487,11.56440594,45.80606207
26,female,23,86.98331338,10.81398038,45.82889424
27,female,23,84.56345278,10.51667556,46.50809728
28,female,23,85.58182419,10.17016999,42.5981328
29,female,23,82.39841353,10.76514434,45.23654645
30,female,23,84.2002814,10.55816907,43.73227255
31,female,23,85.82506099,10.38866594,45.86966437
32,female,23,84.32862131,10.15993501,45.28802737
33,female,23,85.52157493,9.946187816,44.02439918
34,female,23,84.75773325,9.961084451,44.78469097
35,female,23,86.69247425,11.55473974,46.74316874
36,female,23,87.70327896,10.76290159,44.60441386
37,female,23,84.11949746,10.32045336,43.30258663
38,female,23,85.04733419,9.573525798,46.39811432
39,female,23,88.19157027,10.72536143,46.48673997
40,female,23,81.64193814,10.27675496,44.5321276
41,female,23,85.02429197,10.54417049,47.01953514
42,female,23,89.31646771,10.46535331,45.01731138
43,female,23,89.54846212,11.104436,43.79857911
44,female,23,85.88187158,10.55538708,44.86335506
45,female,23,84.04550389,10.48429908,45.47977447
46,female,23,85.89782336,12.14234501,45.81871821
47,female,23,84.42500609,11.30668273,45.62365238
48,female,23,88.21507111,10.68451185,46.55979707
49,female,23,84.14833122,10.1247213,45.45402521
50,female,23,86.27124087,11.36643429,45.76845267
1,female,24,87.71573013,10.19377779,46.42813705
2,female,24,85.23648171,10.76875829,45.11705506
3,female,24,88.13274443,11.35418074,44.42927621
4,female,24,85.25372605,10.53264713,44.98963249
5,female,24,87.73443169,10.56131361,43.8332975
6,female,24,88.57399094,11.08620094,45.35466671
7,female,24,84.82080274,10.89065624,45.85417729
8,female,24,88.59439107,10.6379858,44.14815938
9,female,24,85.71884083,10.66390688,44.34358245
10,female,24,87.1298361,10.9630845,44.08073943
11,female,24,86.96330745,11.10337363,45.25550945
12,female,24,85.8310465,11.64127018,46.85823225
13,female,24,87.08258517,10.52749902,44.60403674
14,female,24,84.38522433,11.65582864,44.60858599
15,female,24,86.35495363,9.847609368,45.27214122
16,female,24,88.0864235,10.38069373,44.22697603
17,female,24,82.68657563,9.920613798,46.41646949
18,female,24,83.92173286,11.00113702,44.96790196
19,female,24,84.5085124,11.0735599,46.5441598
20,female,24,83.73963855,9.912083478,46.00339674
21,female,24,87.35524947,10.83111191,46.17445466
22,female,24,84.81272897,10.20598692,43.6729488
23,female,24,82.70381525,11.12099786,43.45125121
24,female,24,85.45237622,9.789306004,45.36487302
25,female,24,85.89685655,11.36206626,44.90586558
26,female,24,88.14221385,10.77113484,44.92682516
27,female,24,84.61324616,10.12663725,45.1875823
28,female,24,88.69032066,10.74610063,47.06064255
29,female,24,87.31705289,10.62731643,44.79201666
30,female,24,87.25223388,10.56310011,44.62061411
31,female,24,85.06545379,9.82672309,47.09007294
32,female,24,90.11660218,10.4196134,45.54602102
33,female,24,86.3043125,10.68733705,45.56666223
34,female,24,83.31518435,9.835886065,43.87546403
35,female,24,86.23305835,10.9965349,46.12416582
36,female,24,83.11800067,11.69252565,46.58552093
37,female,24,86.04108179,11.30835668,46.08572277
38,female,24,85.83999139,10.28095358,44.03547587
39,female,24,87.82729344,10.37303696,46.89541223
40,female,24,88.41709313,10.49730003,44.9724384
41,female,24,85.29301106,11.19383072,47.32027226
42,female,24,88.05099596,10.7743123,45.81121447
43,female,24,89.1637816,10.18571327,45.75790718
44,female,24,85.18854079,9.817210003,47.50844142
45,female,24,85.42567214,11.16354316,46.62916776
46,female,24,87.77140105,10.12142376,45.80675902
47,female,24,86.92948635,11.12305785,44.43533008
48,female,24,87.58779493,10.8474961,46.29179744
49,female,24,89.12843173,11.26915116,46.14558714
50,female,24,87.29674962,11.51121148,44.73552622
